lambda_mic,tau
8.0,0.09733968677116715
8.01,0.09733968677116715
8.02,0.09733968677116715
8.03,0.09733968677116715
8.04,0.09941062274687636
8.049999999999999,0.10266629948907052
8.059999999999999,0.1059219762312647
8.069999999999999,0.10917765297345886
8.079999999999998,0.11243332971565304
8.089999999999998,0.1156890064578472
8.099999999999998,0.11894468320004138
8.109999999999998,0.12220035994223553
8.119999999999997,0.12545603668442973
8.129999999999997,0.12871171342662388
8.139999999999997,0.13196739016881806
8.149999999999997,0.1352230669110122
8.159999999999997,0.1384787436532064
8.169999999999996,0.14173442039540057
8.179999999999996,0.14499009713759473
8.189999999999996,0.14824577387978888
8.199999999999996,0.15150145062198306
8.209999999999996,0.15475712736417724
8.219999999999995,0.15801280410637142
8.229999999999995,0.1612684808485656
8.239999999999995,0.16452415759075975
8.249999999999995,0.16777983433295393
8.259999999999994,0.1710355110751481
8.269999999999994,0.1742911878173423
8.279999999999994,0.17880183041914574
8.289999999999994,0.1853687627275972
8.299999999999994,0.19193569503604863
8.309999999999993,0.19850262734450005
8.319999999999993,0.20506955965295154
8.329999999999993,0.21163649196140297
8.339999999999993,0.2182034242698544
8.349999999999993,0.22477035657830582
8.359999999999992,0.23133728888675725
8.369999999999992,0.2379042211952087
8.379999999999992,0.24447115350366014
8.389999999999992,0.25103808581211157
8.399999999999991,0.257605018120563
8.409999999999991,0.2641719504290145
8.419999999999991,0.2707388827374659
8.42999999999999,0.2773058150459174
8.43999999999999,0.2838727473543688
8.44999999999999,0.29043967966282025
8.45999999999999,0.2970066119712717
8.46999999999999,0.3035735442797231
8.47999999999999,0.31014047658817456
8.48999999999999,0.316707408896626
8.49999999999999,0.3232743412050774
8.50999999999999,0.32871979652381683
8.519999999999989,0.3340934143082063
8.529999999999989,0.33946703209259593
8.539999999999988,0.34484064987698543
8.549999999999988,0.3502142676613749
8.559999999999988,0.3555878854457645
8.569999999999988,0.360961503230154
8.579999999999988,0.3663351210145435
8.589999999999987,0.37170873879893307
8.599999999999987,0.37708235658332256
8.609999999999987,0.38245597436771206
8.619999999999987,0.38782959215210155
8.629999999999987,0.39320320993649116
8.639999999999986,0.39857682772088066
8.649999999999986,0.40395044550527015
8.659999999999986,0.4093240632896597
8.669999999999986,0.4146976810740492
8.679999999999986,0.42007129885843875
8.689999999999985,0.42544491664282824
8.699999999999985,0.4308185344272178
8.709999999999985,0.4361921522116073
8.719999999999985,0.4415657699959968
8.729999999999984,0.4469393877803864
8.739999999999984,0.4523130055647759
8.749999999999984,0.4576866233491654
8.759999999999984,0.46306024113355493
8.769999999999984,0.4684338589179444
8.779999999999983,0.4738074767023339
8.789999999999983,0.4791810944867235
8.799999999999983,0.4859530604536916
8.809999999999983,0.4938407885987116
8.819999999999983,0.5017285167437315
8.829999999999982,0.5096162448887516
8.839999999999982,0.5175039730337716
8.849999999999982,0.5253917011787916
8.859999999999982,0.5332794293238117
8.869999999999981,0.5411671574688317
8.879999999999981,0.5490548856138517
8.889999999999981,0.5569426137588717
8.89999999999998,0.5648303419038917
8.90999999999998,0.5727180700489117
8.91999999999998,0.5806057981939318
8.92999999999998,0.5884935263389518
8.93999999999998,0.5963812544839718
8.94999999999998,0.6042689826289918
8.95999999999998,0.6121567107740118
8.96999999999998,0.6200444389190318
8.979999999999979,0.6279321670640519
8.989999999999979,0.6358198952090719
8.999999999999979,0.6437076233540919
9.009999999999978,0.6517381861751201
9.019999999999978,0.6597893033341055
9.029999999999978,0.6678404204930909
9.039999999999978,0.6758915376520762
9.049999999999978,0.6839426548110616
9.059999999999977,0.6919937719700471
9.069999999999977,0.7000448891290326
9.079999999999977,0.7080960062880179
9.089999999999977,0.7161471234470034
9.099999999999977,0.7241982406059888
9.109999999999976,0.7322493577649741
9.119999999999976,0.7403004749239596
9.129999999999976,0.7483515920829449
9.139999999999976,0.7564027092419303
9.149999999999975,0.7644538264009157
9.159999999999975,0.7725049435599011
9.169999999999975,0.7805560607188865
9.179999999999975,0.7886071778778719
9.189999999999975,0.7966582950368573
9.199999999999974,0.8043232847296914
9.209999999999974,0.8119543785381358
9.219999999999974,0.8195854723465802
9.229999999999974,0.8272165661550246
9.239999999999974,0.834847659963469
9.249999999999973,0.8424787537719134
9.259999999999973,0.8501098475803578
9.269999999999973,0.857740941388802
9.279999999999973,0.8653720351972464
9.289999999999973,0.8730031290056908
9.299999999999972,0.8806342228141352
9.309999999999972,0.8882653166225796
9.319999999999972,0.8931409564409394
9.329999999999972,0.8975349097535026
9.339999999999971,0.9019288630660661
9.349999999999971,0.9063228163786293
9.359999999999971,0.9107167696911929
9.36999999999997,0.9151107230037561
9.37999999999997,0.9195046763163194
9.38999999999997,0.9238986296288828
9.39999999999997,0.9282925829414461
9.40999999999997,0.9326865362540095
9.41999999999997,0.9370804895665729
9.42999999999997,0.9414744428791363
9.43999999999997,0.9458683961916996
9.449999999999969,0.950262349504263
9.459999999999969,0.9546563028168263
9.469999999999969,0.9583488222478395
9.479999999999968,0.9602169063434123
9.489999999999968,0.9620849904389848
9.499999999999968,0.9639530745345575
9.509999999999968,0.9658211586301303
9.519999999999968,0.9676892427257028
9.529999999999967,0.9695573268212755
9.539999999999967,0.9714254109168483
9.549999999999967,0.9732934950124208
9.559999999999967,0.9751615791079935
9.569999999999967,0.9770296632035663
9.579999999999966,0.9788977472991388
9.589999999999966,0.9807658313947115
9.599999999999966,0.9826339154902843
9.609999999999966,0.9845019995858568
9.619999999999965,0.9863700836814295
9.629999999999965,0.9882381677770024
9.639999999999965,0.9901062518725748
9.649999999999965,0.9919743359681475
9.659999999999965,0.9938424200637204
9.669999999999964,0.9957105041592929
9.679999999999964,0.9975785882548656
9.689999999999964,0.9994466723504384
9.699999999999964,0.9999762958545919
9.709999999999964,0.9999789296485262
9.719999999999963,0.9999815634424605
9.729999999999963,0.9999841972363945
9.739999999999963,0.9999868310303288
9.749999999999963,0.9999894648242631
9.759999999999962,0.9999920986181974
9.769999999999962,0.9999947324121314
9.779999999999962,0.9999973662060657
9.789999999999962,1.0
9.799999999999962,0.9993022042889593
9.809999999999961,0.9968271956881832
9.819999999999961,0.9943521870874072
9.829999999999961,0.9918771784866313
9.83999999999996,0.9894021698858553
9.84999999999996,0.9869271612850793
9.85999999999996,0.9844521526843034
9.86999999999996,0.9819771440835274
9.87999999999996,0.9795021354827513
9.88999999999996,0.9770271268819753
9.89999999999996,0.9745521182811994
9.90999999999996,0.9720771096804234
9.919999999999959,0.9696021010796473
9.929999999999959,0.9671270924788713
9.939999999999959,0.9646520838780953
9.949999999999958,0.9621770752773193
9.959999999999958,0.9597020666765435
9.969999999999958,0.9572270580757675
9.979999999999958,0.9547520494749914
9.989999999999958,0.9522770408742154
9.999999999999957,0.9498020322734394
10.009999999999957,0.9473270236726634
10.019999999999957,0.9448520150718874
10.029999999999957,0.9423770064711113
10.039999999999957,0.9399019978703353
10.049999999999956,0.9366840578553802
10.059999999999956,0.933350565993473
10.069999999999956,0.9300170741315655
10.079999999999956,0.9266835822696583
10.089999999999955,0.9233500904077511
10.099999999999955,0.9200165985458438
10.109999999999955,0.9166831066839365
10.119999999999955,0.9133496148220293
10.129999999999955,0.910016122960122
10.139999999999954,0.9066826310982146
10.149999999999954,0.9033491392363073
10.159999999999954,0.9000156473744001
10.169999999999954,0.8966821555124929
10.179999999999954,0.8933486636505856
10.189999999999953,0.8900151717886783
10.199999999999953,0.8866816799267709
10.209999999999953,0.8833481880648637
10.219999999999953,0.8800146962029564
10.229999999999952,0.8766812043410491
10.239999999999952,0.8733477124791419
10.249999999999952,0.8700142206172347
10.259999999999952,0.8666807287553274
10.269999999999952,0.86334723689342
10.279999999999951,0.8600137450315127
10.289999999999951,0.8563926712946315
10.299999999999951,0.8523807602891118
10.30999999999995,0.8483688492835919
10.31999999999995,0.8443569382780721
10.32999999999995,0.8403450272725523
10.33999999999995,0.8363331162670326
10.34999999999995,0.8323212052615128
10.35999999999995,0.828309294255993
10.36999999999995,0.8242973832504732
10.37999999999995,0.8202854722449534
10.389999999999949,0.8162735612394336
10.399999999999949,0.8122616502339138
10.409999999999949,0.808249739228394
10.419999999999948,0.8042378282228743
10.429999999999948,0.8002259172173544
10.439999999999948,0.7962140062118347
10.449999999999948,0.792202095206315
10.459999999999948,0.7881901842007951
10.469999999999947,0.7841782731952752
10.479999999999947,0.7801663621897555
10.489999999999947,0.7761544511842359
10.499999999999947,0.7724789577842304
10.509999999999946,0.7692022251124481
10.519999999999946,0.7659254924406659
10.529999999999946,0.7626487597688835
10.539999999999946,0.7593720270971013
10.549999999999946,0.7560952944253191
10.559999999999945,0.7528185617535368
10.569999999999945,0.7495418290817546
10.579999999999945,0.7462650964099722
10.589999999999945,0.74298836373819
10.599999999999945,0.7397116310664077
10.609999999999944,0.7364348983946254
10.619999999999944,0.7331581657228431
10.629999999999944,0.7298814330510609
10.639999999999944,0.7266047003792787
10.649999999999944,0.7233279677074963
10.659999999999943,0.7200512350357141
10.669999999999943,0.7167745023639318
10.679999999999943,0.7134977696921496
10.689999999999943,0.7102210370203672
10.699999999999942,0.706944304348585
10.709999999999942,0.7036675716768027
10.719999999999942,0.7003908390050205
10.729999999999942,0.6971141063332381
10.739999999999942,0.6938373736614559
10.749999999999941,0.6905606409896736
10.759999999999941,0.6872839083178914
10.769999999999941,0.6840071756461092
10.77999999999994,0.6807304429743268
10.78999999999994,0.6774537103025446
10.79999999999994,0.6748028013173096
10.80999999999994,0.6723277899964779
10.81999999999994,0.6698527786756463
10.82999999999994,0.6673777673548146
10.83999999999994,0.6649027560339827
10.84999999999994,0.6624277447131511
10.859999999999939,0.6599527333923194
10.869999999999939,0.6574777220714877
10.879999999999939,0.6550027107506561
10.889999999999938,0.6525276994298244
10.899999999999938,0.6500526881089926
10.909999999999938,0.647577676788161
10.919999999999938,0.6451026654673293
10.929999999999938,0.6426276541464976
10.939999999999937,0.6401526428256659
10.949999999999937,0.6376776315048343
10.959999999999937,0.6352026201840025
10.969999999999937,0.6327276088631709
10.979999999999936,0.6302525975423391
10.989999999999936,0.6277775862215075
10.999999999999936,0.6253025749006758
11.009999999999936,0.622827563579844
11.019999999999936,0.6203525522590124
11.029999999999935,0.6178775409381807
11.039999999999935,0.6152495079999333
11.049999999999935,0.6123532976220731
11.059999999999935,0.6094570872442129
11.069999999999935,0.6065608768663526
11.079999999999934,0.6036646664884925
11.089999999999934,0.6007684561106322
11.099999999999934,0.5978722457327721
11.109999999999934,0.5949760353549118
11.119999999999933,0.5920798249770516
11.129999999999933,0.5891836145991914
11.139999999999933,0.5862874042213312
11.149999999999933,0.583391193843471
11.159999999999933,0.5804949834656108
11.169999999999932,0.5775987730877505
11.179999999999932,0.5747025627098904
11.189999999999932,0.5718063523320301
11.199999999999932,0.5689101419541699
11.209999999999932,0.5660139315763097
11.219999999999931,0.5631177211984495
11.229999999999931,0.5602215108205892
11.239999999999931,0.5573253004427291
11.24999999999993,0.5544290900648688
11.25999999999993,0.5515328796870086
11.26999999999993,0.5477433514777732
11.27999999999993,0.5435316973782455
11.28999999999993,0.5393200432787179
11.29999999999993,0.5351083891791901
11.30999999999993,0.5308967350796625
11.31999999999993,0.5266850809801349
11.329999999999929,0.5224734268806072
11.339999999999929,0.5182617727810794
11.349999999999929,0.5140501186815518
11.359999999999928,0.5098384645820242
11.369999999999928,0.5056268104824965
11.379999999999928,0.5014151563829687
11.389999999999928,0.49720350228344107
11.399999999999928,0.4929918481839134
11.409999999999927,0.4887801940843858
11.419999999999927,0.4845685399848581
11.429999999999927,0.48035688588533043
11.439999999999927,0.4761452317858027
11.449999999999926,0.4719335776862751
11.459999999999926,0.4677219235867474
11.469999999999926,0.46351026948721974
11.479999999999926,0.45929861538769207
11.489999999999926,0.45508696128816434
11.499999999999925,0.45087530718863666
11.509999999999925,0.44666365308910905
11.519999999999925,0.4424519989895814
11.529999999999925,0.4389148812397626
11.539999999999925,0.4361535310527693
11.549999999999924,0.4333921808657762
11.559999999999924,0.43063083067878294
11.569999999999924,0.42786948049178974
11.579999999999924,0.42510813030479655
11.589999999999923,0.42234678011780336
11.599999999999923,0.41958542993081016
11.609999999999923,0.41682407974381697
11.619999999999923,0.4140627295568238
11.629999999999923,0.4113013793698306
11.639999999999922,0.4085400291828373
11.649999999999922,0.4057786789958442
11.659999999999922,0.403017328808851
11.669999999999922,0.4002559786218578
11.679999999999922,0.3974946284348646
11.689999999999921,0.39473327824787147
11.699999999999921,0.3919719280608782
11.709999999999921,0.38921057787388497
11.71999999999992,0.3864492276868918
11.72999999999992,0.38368787749989863
11.73999999999992,0.38101085472016166
11.74999999999992,0.3784089136206118
11.75999999999992,0.3758069725210619
11.76999999999992,0.373205031421512
11.77999999999992,0.3706030903219621
11.78999999999992,0.3680011492224122
11.799999999999919,0.3653992081228623
11.809999999999919,0.36279726702331244
11.819999999999919,0.3601953259237626
11.829999999999918,0.35759338482421266
11.839999999999918,0.35499144372466274
11.849999999999918,0.35238950262511287
11.859999999999918,0.34978756152556306
11.869999999999918,0.3471856204260131
11.879999999999917,0.3445836793264633
11.889999999999917,0.3419817382269133
11.899999999999917,0.3393797971273635
11.909999999999917,0.3367778560278135
11.919999999999916,0.3341759149282636
11.929999999999916,0.33185678324070234
11.939999999999916,0.3300837091165206
11.949999999999916,0.32831063499233876
11.959999999999916,0.32653756086815694
11.969999999999915,0.3247644867439752
11.979999999999915,0.3229914126197933
11.989999999999915,0.32121833849561154
11.999999999999915,0.3194452643714297
12.009999999999915,0.3176721902472479
12.019999999999914,0.3158991161230661
12.029999999999914,0.3141260419988843
12.039999999999914,0.31235296787470246
12.049999999999914,0.3105798937505207
12.059999999999913,0.3088068196263388
12.069999999999913,0.30703374550215706
12.079999999999913,0.30526067137797525
12.089999999999913,0.30348759725379343
12.099999999999913,0.3017145231296116
12.109999999999912,0.2999414490054298
12.119999999999912,0.298168374881248
12.129999999999912,0.2963953007570662
12.139999999999912,0.29462222663288434
12.149999999999912,0.2928491525087026
12.159999999999911,0.29107607838452076
12.169999999999911,0.28930300426033895
12.179999999999911,0.2875299301361572
12.18999999999991,0.28575685601197537
12.19999999999991,0.2839837818877935
12.20999999999991,0.28221070776361173
12.21999999999991,0.2804376336394299
12.22999999999991,0.2792524445193206
12.23999999999991,0.2783008977904432
12.24999999999991,0.2773493510615659
12.25999999999991,0.2763978043326885
12.269999999999909,0.2754462576038112
12.279999999999909,0.2744947108749338
12.289999999999909,0.2735431641460565
12.299999999999908,0.27259161741717913
12.309999999999908,0.2716400706883018
12.319999999999908,0.27068852395942444
12.329999999999908,0.26973697723054707
12.339999999999907,0.26878543050166975
12.349999999999907,0.2678338837727924
12.359999999999907,0.26688233704391506
12.369999999999907,0.2659307903150377
12.379999999999907,0.2649792435861604
12.389999999999906,0.26402769685728295
12.399999999999906,0.26307615012840563
12.409999999999906,0.26212460339952826
12.419999999999906,0.26117305667065094
12.429999999999906,0.26022150994177357
12.439999999999905,0.2592699632128962
12.449999999999905,0.2583184164840189
12.459999999999905,0.2573668697551415
12.469999999999905,0.2564153230262642
12.479999999999905,0.2554637762973868
12.489999999999904,0.2545122295685095
12.499999999999904,0.2535606828396321
12.509999999999904,0.2526091361107548
12.519999999999904,0.25165758938187743
12.529999999999903,0.25070604265300006
12.539999999999903,0.24975449592412274
12.549999999999903,0.2488029491952454
12.559999999999903,0.2481994050757818
12.569999999999903,0.2477950322610854
12.579999999999902,0.24739065944638897
12.589999999999902,0.24698628663169253
12.599999999999902,0.24658191381699612
12.609999999999902,0.24617754100229966
12.619999999999902,0.24577316818760325
12.629999999999901,0.24536879537290684
12.639999999999901,0.24496442255821038
12.6499999999999,0.24456004974351397
12.6599999999999,0.24415567692881754
12.6699999999999,0.2437513041141211
12.6799999999999,0.2433469312994247
12.6899999999999,0.24294255848472826
12.6999999999999,0.24253818567003183
12.7099999999999,0.2421338128553354
12.7199999999999,0.24172944004063898
12.7299999999999,0.24132506722594255
12.739999999999899,0.2409206944112461
12.749999999999899,0.2405163215965497
12.759999999999899,0.24011194878185324
12.769999999999898,0.23970757596715683
12.779999999999898,0.23930320315246043
12.789999999999898,0.23889883033776396
12.799999999999898,0.23849445752306755
12.809999999999897,0.23809008470837112
12.819999999999897,0.23768571189367468
12.829999999999897,0.23728133907897828
12.839999999999897,0.23687696626428184
12.849999999999897,0.2364725934495854
12.859999999999896,0.23606822063488897
12.869999999999896,0.23566384782019256
12.879999999999896,0.23525947500549615
12.889999999999896,0.2348551021907997
12.899999999999896,0.23445072937610328
12.909999999999895,0.23404635656140682
12.919999999999895,0.2336419837467104
12.929999999999895,0.233237610932014
12.939999999999895,0.23283323811731754
12.949999999999894,0.23242886530262113
12.959999999999894,0.2320244924879247
12.969999999999894,0.2316201196732283
12.979999999999894,0.23121574685853186
12.989999999999894,0.23081137404383542
12.999999999999893,0.230407001229139
13.009999999999893,0.2302266158076501
13.019999999999893,0.23038573329034623
13.029999999999893,0.2305448507730423
13.039999999999893,0.2307039682557384
13.049999999999892,0.23086308573843453
13.059999999999892,0.2310222032211306
13.069999999999892,0.23118132070382671
13.079999999999892,0.2313404381865228
13.089999999999892,0.2314995556692189
13.099999999999891,0.23165867315191502
13.109999999999891,0.23181779063461108
13.11999999999989,0.2319769081173072
13.12999999999989,0.2321360256000033
13.13999999999989,0.23229514308269938
13.14999999999989,0.23245426056539548
13.15999999999989,0.2326133780480916
13.16999999999989,0.23277249553078766
13.17999999999989,0.23293161301348378
13.18999999999989,0.23309073049617984
13.19999999999989,0.23324984797887596
13.209999999999889,0.23340896546157208
13.219999999999889,0.23356808294426815
13.229999999999889,0.23372720042696427
13.239999999999888,0.23388631790966036
13.249999999999888,0.23404543539235645
13.259999999999888,0.23420455287505254
13.269999999999888,0.23436367035774863
13.279999999999887,0.23452278784044472
13.289999999999887,0.23468190532314084
13.299999999999887,0.23484102280583694
13.309999999999887,0.23500014028853303
13.319999999999887,0.23515925777122915
13.329999999999886,0.2353183752539252
13.339999999999886,0.23547749273662133
13.349999999999886,0.2356366102193174
13.359999999999886,0.2357957277020135
13.369999999999886,0.23595484518470963
13.379999999999885,0.2361139626674057
13.389999999999885,0.23627308015010182
13.399999999999885,0.2364321976327979
13.409999999999885,0.236591315115494
13.419999999999884,0.2367504325981901
13.429999999999884,0.23690955008088618
13.439999999999884,0.23706866756358227
13.449999999999884,0.2372277850462784
13.459999999999884,0.23738690252897446
13.469999999999883,0.23754602001167058
13.479999999999883,0.2377051374943667
13.489999999999883,0.23786425497706276
13.499999999999883,0.23802337245975888
13.509999999999883,0.23818248994245494
13.519999999999882,0.2384057399647809
13.529999999999882,0.238630844215283
13.539999999999882,0.23885594846578506
13.549999999999882,0.2390810527162871
13.559999999999881,0.2393061569667892
13.569999999999881,0.2395312612172913
13.579999999999881,0.23975636546779336
13.58999999999988,0.2399814697182954
13.59999999999988,0.2402065739687975
13.60999999999988,0.24043167821929956
13.61999999999988,0.24065678246980166
13.62999999999988,0.2408818867203037
13.63999999999988,0.2411069909708058
13.64999999999988,0.24133209522130786
13.65999999999988,0.2415571994718099
13.66999999999988,0.241782303722312
13.679999999999879,0.2420074079728141
13.689999999999879,0.24223251222331615
13.699999999999878,0.2424576164738182
13.709999999999878,0.2426827207243203
13.719999999999878,0.24290782497482236
13.729999999999878,0.24313292922532445
13.739999999999878,0.2433580334758265
13.749999999999877,0.24358313772632859
13.759999999999877,0.24380824197683065
13.769999999999877,0.2440333462273327
13.779999999999877,0.2442584504778348
13.789999999999877,0.24448355472833688
13.799999999999876,0.24470865897883895
13.809999999999876,0.244933763229341
13.819999999999876,0.24515886747984308
13.829999999999876,0.24538397173034515
13.839999999999876,0.24560907598084725
13.849999999999875,0.2458341802313493
13.859999999999875,0.24605928448185138
13.869999999999875,0.24628438873235345
13.879999999999875,0.24650949298285554
13.889999999999874,0.24673459723335758
13.899999999999874,0.24695970148385968
13.909999999999874,0.24718480573436175
13.919999999999874,0.24740990998486379
13.929999999999874,0.24763501423536588
13.939999999999873,0.24786011848586795
13.949999999999873,0.24808522273637004
13.959999999999873,0.24831032698687208
13.969999999999873,0.24853543123737418
13.979999999999873,0.24876053548787624
13.989999999999872,0.24898563973837828
13.999999999999872,0.24921074398888038
14.009999999999872,0.24943584823938247
14.019999999999872,0.24966095248988454
14.029999999999871,0.24988605674038658
14.039999999999871,0.25011116099088865
14.049999999999871,0.25033626524139074
14.05999999999987,0.25056136949189284
14.06999999999987,0.2507864737423949
14.07999999999987,0.251011577992897
14.08999999999987,0.25123668224339907
14.09999999999987,0.2514617864939011
14.10999999999987,0.2518203798304046
14.11999999999987,0.2522012836677456
14.12999999999987,0.25258218750508643
14.13999999999987,0.25296309134242734
14.149999999999869,0.25334399517976824
14.159999999999869,0.2537248990171091
14.169999999999868,0.25410580285445
14.179999999999868,0.2544867066917909
14.189999999999868,0.2548676105291318
14.199999999999868,0.25524851436647267
14.209999999999868,0.2556294182038136
14.219999999999867,0.2560103220411545
14.229999999999867,0.25639122587849533
14.239999999999867,0.25677212971583624
14.249999999999867,0.25715303355317715
14.259999999999867,0.25753393739051805
14.269999999999866,0.25791484122785896
14.279999999999866,0.2582957450651998
14.289999999999866,0.2586766489025407
14.299999999999866,0.2590575527398816
14.309999999999865,0.2594384565772225
14.319999999999865,0.2598193604145634
14.329999999999865,0.2602002642519043
14.339999999999865,0.2605811680892452
14.349999999999865,0.2609620719265861
14.359999999999864,0.26134297576392695
14.369999999999864,0.26172387960126786
14.379999999999864,0.26210478343860877
14.389999999999864,0.2624856872759496
14.399999999999864,0.2628665911132905
14.409999999999863,0.26324749495063143
14.419999999999863,0.26362839878797234
14.429999999999863,0.26400930262531325
14.439999999999863,0.2643902064626541
14.449999999999863,0.264771110299995
14.459999999999862,0.26515201413733586
14.469999999999862,0.26553291797467676
14.479999999999862,0.26591382181201767
14.489999999999862,0.2662947256493586
14.499999999999861,0.2666756294866995
14.509999999999861,0.26705653332404033
14.519999999999861,0.26743743716138124
14.52999999999986,0.26781834099872215
14.53999999999986,0.268199244836063
14.54999999999986,0.26858014867340396
14.55999999999986,0.2689610525107448
14.56999999999986,0.2693419563480857
14.57999999999986,0.2697228601854266
14.58999999999986,0.2701037640227675
14.59999999999986,0.2704846678601084
14.609999999999859,0.2708655716974493
14.619999999999859,0.27124647553479014
14.629999999999859,0.2716273793721311
14.639999999999858,0.27200828320947196
14.649999999999858,0.27238918704681286
14.659999999999858,0.27277330073256456
14.669999999999858,0.27316822137519375
14.679999999999858,0.27356314201782295
14.689999999999857,0.2739580626604521
14.699999999999857,0.2743529833030813
14.709999999999857,0.27474790394571047
14.719999999999857,0.2751428245883396
14.729999999999857,0.27553774523096886
14.739999999999856,0.275932665873598
14.749999999999856,0.2763275865162272
14.759999999999856,0.2767225071588564
14.769999999999856,0.2771174278014855
14.779999999999855,0.2775123484441147
14.789999999999855,0.2779072690867439
14.799999999999855,0.27830218972937304
14.809999999999855,0.27869711037200223
14.819999999999855,0.2790920310146314
14.829999999999854,0.2794869516572606
14.839999999999854,0.2798818722998898
14.849999999999854,0.28027679294251895
14.859999999999854,0.28067171358514814
14.869999999999854,0.28106663422777733
14.879999999999853,0.28146155487040647
14.889999999999853,0.28185647551303566
14.899999999999853,0.28225139615566486
14.909999999999853,0.28264631679829405
14.919999999999852,0.28304123744092324
14.929999999999852,0.2834361580835524
14.939999999999852,0.2838310787261816
14.949999999999852,0.28422599936881077
14.959999999999852,0.28462092001143996
14.969999999999851,0.2850158406540691
14.979999999999851,0.2854107612966983
14.989999999999851,0.2858056819393275
14.99999999999985,0.2862006025819566
15.00999999999985,0.2865955232245858
15.01999999999985,0.286990443867215
15.02999999999985,0.2873853645098442
15.03999999999985,0.2877802851524734
15.04999999999985,0.28817520579510253
15.05999999999985,0.2885701264377317
15.06999999999985,0.2889650470803609
15.079999999999849,0.28935996772299005
15.089999999999849,0.28975488836561925
15.099999999999849,0.29014980900824844
15.109999999999848,0.2905447296508776
15.119999999999848,0.2909396502935068
15.129999999999848,0.29150352470680635
15.139999999999848,0.2924735092387451
15.149999999999848,0.29344349377068385
15.159999999999847,0.29441347830262266
15.169999999999847,0.2953834628345614
15.179999999999847,0.29635344736650016
15.189999999999847,0.2973234318984389
15.199999999999847,0.29829341643037766
15.209999999999846,0.2992634009623164
15.219999999999846,0.30023338549425516
15.229999999999846,0.3012033700261939
15.239999999999846,0.30217335455813266
15.249999999999845,0.30314333909007146
15.259999999999845,0.3041133236220102
15.269999999999845,0.30508330815394896
15.279999999999845,0.3060532926858877
15.289999999999845,0.30702327721782646
15.299999999999844,0.3079932617497652
15.309999999999844,0.30896324628170396
15.319999999999844,0.30993323081364277
15.329999999999844,0.3109032153455815
15.339999999999844,0.31187319987752027
15.349999999999843,0.312843184409459
15.359999999999843,0.31381316894139777
15.369999999999843,0.3147831534733365
15.379999999999843,0.31575313800527527
15.389999999999842,0.316723122537214
15.399999999999842,0.31769310706915277
15.409999999999842,0.3186630916010916
15.419999999999842,0.3196330761330303
15.429999999999842,0.3206030606649691
15.439999999999841,0.3215730451969078
15.449999999999841,0.3225430297288466
15.459999999999841,0.3235130142607853
15.46999999999984,0.3244829987927241
15.47999999999984,0.3254529833246628
15.48999999999984,0.3264229678566016
15.49999999999984,0.3273929523885404
15.50999999999984,0.32836293692047913
15.51999999999984,0.3293329214524179
15.52999999999984,0.33030290598435663
15.53999999999984,0.3312728905162954
15.549999999999839,0.3322428750482342
15.559999999999839,0.3332128595801729
15.569999999999839,0.3341828441121117
15.579999999999838,0.3351528286440504
15.589999999999838,0.3361228131759892
15.599999999999838,0.3370927977079279
15.609999999999838,0.3380627822398667
15.619999999999838,0.3390327667718054
15.629999999999837,0.3400027513037442
15.639999999999837,0.340972735835683
15.649999999999837,0.3419427203676217
15.659999999999837,0.3429127048995605
15.669999999999837,0.3438826894314992
15.679999999999836,0.344852673963438
15.689999999999836,0.3458226584953768
15.699999999999836,0.3467926430273155
15.709999999999836,0.3477626275592542
15.719999999999835,0.348732612091193
15.729999999999835,0.3497025966231318
15.739999999999835,0.3506725811550705
15.749999999999835,0.3516425656870093
15.759999999999835,0.35271370004343117
15.769999999999834,0.35381767559998945
15.779999999999834,0.35492165115654783
15.789999999999834,0.3560256267131062
15.799999999999834,0.3571296022696646
15.809999999999834,0.358233577826223
15.819999999999833,0.3593375533827813
15.829999999999833,0.3604415289393397
15.839999999999833,0.361545504495898
15.849999999999833,0.3626494800524564
15.859999999999832,0.36375345560901473
15.869999999999832,0.36485743116557307
15.879999999999832,0.36596140672213145
15.889999999999832,0.36706538227868984
15.899999999999832,0.3681693578352481
15.909999999999831,0.3692733333918065
15.919999999999831,0.3703773089483649
15.929999999999831,0.3714812845049233
15.93999999999983,0.3725852600614816
15.94999999999983,0.37368923561803996
15.95999999999983,0.37479321117459835
15.96999999999983,0.3758971867311567
15.97999999999983,0.3770011622877151
15.98999999999983,0.3781051378442734
15.99999999999983,0.37920911340083174
16.009999999999827,0.3803130889573899
16.01999999999983,0.3814170645139485
16.02999999999983,0.382521040070507
16.03999999999983,0.3836250156270652
16.049999999999827,0.38472899118362336
16.059999999999828,0.38583296674018197
16.06999999999983,0.38693694229674047
16.079999999999828,0.38804091785329864
16.089999999999826,0.38914489340985675
16.099999999999827,0.39024886896641536
16.10999999999983,0.3913528445229739
16.119999999999827,0.39245682007953203
16.129999999999825,0.3935607956360903
16.139999999999826,0.39469169632003603
16.149999999999828,0.3958453034478168
16.159999999999826,0.3969989105755972
16.169999999999824,0.3981525177033777
16.179999999999826,0.39930612483115846
16.189999999999827,0.40045973195893925
16.199999999999825,0.40161333908671965
16.209999999999823,0.4027669462145001
16.219999999999825,0.4039205533422809
16.229999999999826,0.4050741604700617
16.239999999999824,0.40622776759784207
16.249999999999822,0.4073813747256225
16.259999999999824,0.4085349818534033
16.269999999999825,0.40968858898118415
16.279999999999824,0.4108421961089645
16.28999999999982,0.41199580323674495
16.299999999999823,0.41314941036452574
16.309999999999825,0.4143030174923066
16.319999999999823,0.4154566246200869
16.32999999999982,0.4166102317478674
16.339999999999822,0.4177638388756482
16.349999999999824,0.418917446003429
16.359999999999822,0.42007105313120946
16.36999999999982,0.4212246602589898
16.37999999999982,0.42237826738677064
16.389999999999823,0.4235318745145515
16.39999999999982,0.4246854816423319
16.40999999999982,0.4258390887701123
16.41999999999982,0.4269926958978931
16.429999999999822,0.4281463030256739
16.43999999999982,0.4292999101534543
16.449999999999818,0.43045351728123477
16.45999999999982,0.43160712440901555
16.46999999999982,0.43276073153679634
16.47999999999982,0.43391433866457674
16.489999999999817,0.4350679457923572
16.49999999999982,0.436221552920138
16.50999999999982,0.43737516004791877
16.51999999999982,0.43852876717569916
16.529999999999816,0.4396823743034796
16.539999999999818,0.4408359814312604
16.54999999999982,0.4419895885590412
16.559999999999818,0.4431431956868216
16.569999999999816,0.44427268841225515
16.579999999999817,0.44522863650437555
16.58999999999982,0.44618458459649596
16.599999999999817,0.447140532688616
16.609999999999815,0.4480964807807361
16.619999999999816,0.4490524288728565
16.629999999999818,0.4500083769649769
16.639999999999816,0.45096432505709694
16.649999999999814,0.451920273149217
16.659999999999815,0.4528762212413374
16.669999999999817,0.4538321693334578
16.679999999999815,0.45478811742557795
16.689999999999813,0.45574406551769797
16.699999999999815,0.4567000136098184
16.709999999999816,0.4576559617019388
16.719999999999814,0.45861190979405886
16.729999999999812,0.459567857886179
16.739999999999814,0.4605238059782994
16.749999999999815,0.4614797540704198
16.759999999999813,0.4624357021625398
16.76999999999981,0.46339165025465995
16.779999999999813,0.46434759834678035
16.789999999999814,0.46530354643890076
16.799999999999812,0.4662594945310208
16.80999999999981,0.46721544262314085
16.819999999999812,0.46817139071526126
16.829999999999814,0.46912733880738167
16.83999999999981,0.4700832868995018
16.84999999999981,0.4710392349916218
16.85999999999981,0.4719951830837422
16.869999999999813,0.4729511311758626
16.87999999999981,0.4739070792679827
16.88999999999981,0.47486302736010283
16.89999999999981,0.47581897545222324
16.909999999999812,0.47677492354434364
16.91999999999981,0.47773087163646366
16.929999999999808,0.47868681972858373
16.93999999999981,0.47964276782070414
16.94999999999981,0.48059871591282455
16.95999999999981,0.4815546640049446
16.969999999999807,0.4825106120970647
16.97999999999981,0.4834665601891851
16.98999999999981,0.4844225082813055
16.999999999999808,0.4853784563734255
17.009999999999806,0.48633440446554566
17.019999999999808,0.48729035255766606
17.02999999999981,0.48824630064978647
17.039999999999807,0.4891661957079437
17.049999999999805,0.48995600078639556
17.059999999999807,0.4907458058648477
17.06999999999981,0.4915356109432998
17.079999999999806,0.4923254160217516
17.089999999999804,0.4931152211002035
17.099999999999806,0.4939050261786556
17.109999999999808,0.4946948312571077
17.119999999999806,0.4954846363355596
17.129999999999804,0.4962744414140114
17.139999999999805,0.4970642464924635
17.149999999999807,0.4978540515709156
17.159999999999805,0.4986438566493675
17.169999999999803,0.4994336617278193
17.179999999999804,0.5002234668062714
17.189999999999806,0.5010132718847236
17.199999999999804,0.5018030769631754
17.209999999999802,0.5025928820416272
17.219999999999803,0.5033826871200793
17.229999999999805,0.5041724921985314
17.239999999999803,0.5049622972769833
17.2499999999998,0.5057521023554351
17.259999999999803,0.5065419074338873
17.269999999999804,0.5073317125123393
17.279999999999802,0.5081215175907912
17.2899999999998,0.508911322669243
17.2999999999998,0.5097011277476952
17.309999999999803,0.5104909328261473
17.3199999999998,0.5112807379045992
17.3299999999998,0.5120705429830509
17.3399999999998,0.5128603480615032
17.349999999999802,0.5136501531399552
17.3599999999998,0.514439958218407
17.3699999999998,0.5152297632968589
17.3799999999998,0.516019568375311
17.3899999999998,0.5168093734537631
17.3999999999998,0.5175991785322149
17.409999999999798,0.5183889836106668
17.4199999999998,0.5191787886891189
17.4299999999998,0.519968593767571
17.4399999999998,0.5207583988460228
17.449999999999797,0.5215482039244748
17.4599999999998,0.5223380090029268
17.4699999999998,0.523127814081379
17.479999999999798,0.523722986405663
17.489999999999796,0.5242626208489313
17.499999999999797,0.5248022552921998
17.5099999999998,0.5253418897354682
17.519999999999797,0.5258815241787366
17.529999999999795,0.5264211586220049
17.539999999999797,0.5269607930652733
17.549999999999798,0.5275004275085419
17.559999999999796,0.5280400619518101
17.569999999999794,0.5285796963950784
17.579999999999796,0.5291193308383468
17.589999999999797,0.5296589652816154
17.599999999999795,0.5301985997248837
17.609999999999793,0.530738234168152
17.619999999999795,0.5312778686114205
17.629999999999797,0.531817503054689
17.639999999999795,0.5323571374979573
17.649999999999793,0.5328967719412255
17.659999999999794,0.5334364063844941
17.669999999999796,0.5339760408277625
17.679999999999794,0.5345156752710308
17.68999999999979,0.5350553097142992
17.699999999999793,0.5355949441575676
17.709999999999795,0.5361345786008361
17.719999999999793,0.5366742130441043
17.72999999999979,0.5372138474873727
17.739999999999792,0.5377534819306412
17.749999999999794,0.5382931163739096
17.759999999999792,0.538832750817178
17.76999999999979,0.5393723852604463
17.77999999999979,0.5399120197037148
17.789999999999793,0.5404516541469833
17.79999999999979,0.5409912885902516
17.80999999999979,0.5415309230335198
17.81999999999979,0.5420705574767883
17.829999999999792,0.5426101919200568
17.83999999999979,0.5431498263633251
17.84999999999979,0.5436894608065934
17.85999999999979,0.5442290952498618
17.86999999999979,0.5447687296931304
17.87999999999979,0.5453083641363987
17.889999999999787,0.5458479985796669
17.89999999999979,0.5463876330229355
17.90999999999979,0.5469272674662039
17.91999999999979,0.5474669019094722
17.929999999999787,0.5480065363527405
17.939999999999788,0.548546170796009
17.94999999999979,0.5490858052392775
17.959999999999788,0.5496254396825457
17.969999999999786,0.5501650741258142
17.979999999999787,0.5507047085690826
17.98999999999979,0.5512443430123511
17.999999999999787,0.5517839774556194
18.009999999999785,0.5523236118988877
18.019999999999786,0.5525006709422934
18.029999999999788,0.5526367712732954
18.039999999999786,0.5527728716042972
18.049999999999784,0.5529089719352991
18.059999999999786,0.5530450722663011
18.069999999999787,0.553181172597303
18.079999999999785,0.5533172729283049
18.089999999999783,0.5534533732593068
18.099999999999785,0.5535894735903089
18.109999999999786,0.5537255739213107
18.119999999999784,0.5538616742523126
18.129999999999782,0.5539977745833146
18.139999999999784,0.5541338749143165
18.149999999999785,0.5542699752453184
18.159999999999783,0.5544060755763204
18.16999999999978,0.5545421759073222
18.179999999999783,0.5546782762383242
18.189999999999785,0.5548143765693262
18.199999999999783,0.5549504769003281
18.20999999999978,0.55508657723133
18.219999999999782,0.555222677562332
18.229999999999784,0.5553587778933339
18.23999999999978,0.5554948782243359
18.24999999999978,0.5556309785553377
18.25999999999978,0.5557670788863397
18.269999999999783,0.5559031792173417
18.27999999999978,0.5560392795483435
18.28999999999978,0.5561753798793455
18.29999999999978,0.5563114802103475
18.309999999999782,0.5564475805413494
18.31999999999978,0.5565836808723513
18.329999999999778,0.5567197812033532
18.33999999999978,0.5568558815343552
18.34999999999978,0.5569919818653571
18.35999999999978,0.557128082196359
18.369999999999777,0.557264182527361
18.37999999999978,0.5574002828583628
18.38999999999978,0.5575363831893648
18.39999999999978,0.5576724835203668
18.409999999999776,0.5578085838513687
18.419999999999778,0.5579446841823705
18.42999999999978,0.5580807845133726
18.439999999999777,0.5582168848443745
18.449999999999775,0.5583529851753763
18.459999999999777,0.5584890855063783
18.46999999999978,0.5586251858373803
18.479999999999777,0.5587612861683822
18.489999999999775,0.5588973864993841
18.499999999999776,0.559033486830386
18.509999999999778,0.559169587161388
18.519999999999776,0.55930568749239
18.529999999999774,0.5594417878233918
18.539999999999775,0.5595778881543938
18.549999999999777,0.5597139884853958
18.559999999999775,0.5598500888163976
18.569999999999773,0.5599861891473995
18.579999999999774,0.5601222894784015
18.589999999999776,0.5602583898094035
18.599999999999774,0.5603944901404053
18.609999999999772,0.5601503901476177
18.619999999999774,0.559797298090816
18.629999999999775,0.5594442060340145
18.639999999999773,0.5590911139772131
18.64999999999977,0.5587380219204117
18.659999999999773,0.5583849298636102
18.669999999999774,0.5580318378068087
18.679999999999772,0.5576787457500072
18.68999999999977,0.5573256536932057
18.699999999999772,0.5569725616364042
18.709999999999773,0.5566194695796027
18.71999999999977,0.5562663775228013
18.72999999999977,0.5559132854659998
18.73999999999977,0.5555601934091983
18.749999999999773,0.5552071013523967
18.75999999999977,0.5548540092955953
18.76999999999977,0.5545009172387939
18.77999999999977,0.5541478251819923
18.78999999999977,0.5537947331251908
18.79999999999977,0.5534416410683893
18.809999999999768,0.553088549011588
18.81999999999977,0.5527354569547864
18.82999999999977,0.5523823648979849
18.83999999999977,0.5520292728411834
18.849999999999767,0.5516761807843821
18.85999999999977,0.5513230887275805
18.86999999999977,0.550969996670779
18.879999999999768,0.5506169046139776
18.889999999999766,0.5502638125571762
18.899999999999768,0.5499107205003746
18.90999999999977,0.549557628443573
18.919999999999767,0.5492045363867716
18.929999999999765,0.5488514443299701
18.939999999999767,0.5484983522731687
18.94999999999977,0.5481452602163671
18.959999999999766,0.5477921681595657
18.969999999999764,0.5474390761027642
18.979999999999766,0.5470859840459626
18.989999999999768,0.5467328919891612
18.999999999999766,0.5463797999323597
19.009999999999764,0.5460267078755583
19.019999999999765,0.5456736158187567
19.029999999999767,0.5453205237619552
19.039999999999765,0.5449674317051538
19.049999999999763,0.5446143396483524
19.059999999999764,0.5442612475915509
19.069999999999766,0.5439081555347492
19.079999999999764,0.5435550634779479
19.089999999999762,0.5432019714211465
19.099999999999763,0.5428488793643449
19.109999999999765,0.5424957873075434
19.119999999999763,0.542142695250742
19.12999999999976,0.5417896031939405
19.139999999999763,0.541436511137139
19.149999999999764,0.5410834190803374
19.159999999999762,0.540730327023536
19.16999999999976,0.5403772349667346
19.17999999999976,0.5400241429099331
19.189999999999763,0.5396710508531315
19.19999999999976,0.5392570574604073
19.20999999999976,0.5388061947567523
19.21999999999976,0.5383553320530969
19.229999999999762,0.5379044693494417
19.23999999999976,0.5374536066457866
19.24999999999976,0.5370027439421315
19.25999999999976,0.5365518812384763
19.26999999999976,0.5361010185348211
19.27999999999976,0.5356501558311659
19.289999999999758,0.5351992931275109
19.29999999999976,0.5347484304238557
19.30999999999976,0.5342975677202004
19.31999999999976,0.5338467050165454
19.329999999999757,0.5333958423128902
19.33999999999976,0.532944979609235
19.34999999999976,0.5324941169055798
19.359999999999758,0.5320432542019247
19.369999999999756,0.5315923914982696
19.379999999999757,0.5311415287946144
19.38999999999976,0.530690666090959
19.399999999999757,0.530239803387304
19.409999999999755,0.529788940683649
19.419999999999757,0.5293380779799937
19.429999999999758,0.5288872152763385
19.439999999999756,0.5284363525726834
19.449999999999754,0.5279854898690283
19.459999999999756,0.527534627165373
19.469999999999757,0.5270837644617179
19.479999999999755,0.5266329017580628
19.489999999999753,0.5261820390544076
19.499999999999755,0.5257311763507524
19.509999999999756,0.5252803136470972
19.519999999999754,0.5248294509434421
19.529999999999752,0.524378588239787
19.539999999999754,0.5239277255361318
19.549999999999756,0.5234768628324765
19.559999999999754,0.5230260001288215
19.56999999999975,0.5225751374251664
19.579999999999753,0.5221242747215111
19.589999999999755,0.5216734120178558
19.599999999999753,0.5212225493142008
19.60999999999975,0.5207716866105457
19.619999999999752,0.5203208239068905
19.629999999999754,0.5198699612032353
19.639999999999752,0.5194190984995801
19.64999999999975,0.5189682357959251
19.65999999999975,0.5185173730922698
19.669999999999753,0.5180665103886146
19.67999999999975,0.5176156476849595
19.68999999999975,0.5171647849813044
19.69999999999975,0.5167139222776491
19.709999999999752,0.5162630595739939
19.71999999999975,0.5158121968703389
19.729999999999748,0.5153613341666837
19.73999999999975,0.5149104714630285
19.74999999999975,0.5144596087593732
19.75999999999975,0.5140087460557182
19.769999999999747,0.5135578833520631
19.77999999999975,0.5131070206484079
19.78999999999975,0.5126561579447526
19.79999999999975,0.5122052952410975
19.809999999999746,0.5117544325374425
19.819999999999748,0.5113035698337872
19.82999999999975,0.510852707130132
19.839999999999748,0.5104018444264768
19.849999999999746,0.5099509817228218
19.859999999999747,0.5095001190191665
19.86999999999975,0.5090492563155113
19.879999999999747,0.5085983936118562
19.889999999999745,0.5081447152499475
19.899999999999746,0.5075622797305446
19.909999999999748,0.5069798442111416
19.919999999999746,0.506397408691739
19.929999999999744,0.5058149731723363
19.939999999999745,0.5052325376529333
19.949999999999747,0.5046501021335303
19.959999999999745,0.5040676666141277
19.969999999999743,0.503485231094725
19.979999999999745,0.5029027955753221
19.989999999999746,0.5023203600559191
19.999999999999744,0.5017379245365164
20.009999999999742,0.5011554890171137
20.019999999999744,0.5005730534977109
20.029999999999745,0.49999061797830785
20.039999999999743,0.49940818245890517
20.04999999999974,0.49882574693950243
20.059999999999743,0.4982433114200996
20.069999999999744,0.4976608759006966
20.079999999999742,0.49707844038129395
20.08999999999974,0.49649600486189116
20.099999999999742,0.4959135693424883
20.109999999999744,0.49533113382308536
20.11999999999974,0.4947486983036827
20.12999999999974,0.49416626278427994
20.13999999999974,0.49358382726487704
20.149999999999743,0.4930013917454741
20.15999999999974,0.4924189562260714
20.16999999999974,0.49183652070666867
20.17999999999974,0.49125408518726577
20.189999999999742,0.4906716496678628
20.19999999999974,0.49008921414846013
20.209999999999738,0.4895067786290574
20.21999999999974,0.4889243431096545
20.22999999999974,0.48834190759025153
20.23999999999974,0.48775947207084885
20.249999999999737,0.4871770365514461
20.25999999999974,0.48659460103204316
20.26999999999974,0.48601216551264026
20.27999999999974,0.4854297299932375
20.289999999999736,0.4848472944738349
20.299999999999738,0.4842648589544319
20.30999999999974,0.48368242343502904
20.319999999999737,0.4830999879156263
20.329999999999735,0.4825175523962236
20.339999999999737,0.48193511687682067
20.34999999999974,0.48135268135741777
20.359999999999737,0.48077024583801503
20.369999999999735,0.48018781031861235
20.379999999999736,0.4796053747992094
20.389999999999738,0.4790229392798065
20.399999999999736,0.47844050376040376
20.409999999999734,0.4778580682410011
20.419999999999735,0.4772756327215981
20.429999999999737,0.47669097934689963
20.439999999999735,0.47607786809725555
20.449999999999733,0.4754647568476115
20.459999999999734,0.47485164559796716
20.469999999999736,0.47423853434832297
20.479999999999734,0.47362542309867894
20.489999999999732,0.47301231184903486
20.499999999999734,0.4723992005993906
20.509999999999735,0.47178608934974625
20.519999999999733,0.4711729781001023
20.52999999999973,0.47055986685045825
20.539999999999733,0.46994675560081395
20.549999999999734,0.4693336443511697
20.559999999999732,0.46872053310152556
20.56999999999973,0.4681074218518816
20.579999999999732,0.46749431060223734
20.589999999999733,0.466881199352593
20.59999999999973,0.466268088102949
20.60999999999973,0.46565497685330487
20.61999999999973,0.4650418656036607
20.629999999999733,0.4644287543540164
20.63999999999973,0.4638156431043723
20.64999999999973,0.4632025318547283
20.65999999999973,0.46258942060508407
20.66999999999973,0.46197630935543976
20.67999999999973,0.46136319810579574
20.689999999999728,0.4607500868561516
20.69999999999973,0.4601369756065074
20.70999999999973,0.45952386435686315
20.71999999999973,0.458910753107219
20.729999999999727,0.45829764185757504
20.73999999999973,0.4576845306079307
20.74999999999973,0.4570714193582865
20.759999999999728,0.45645830810864246
20.769999999999726,0.4558451968589983
20.779999999999728,0.45523208560935413
20.78999999999973,0.45461897435970977
20.799999999999727,0.4540058631100658
20.809999999999725,0.45339275186042177
20.819999999999727,0.4527796406107774
20.82999999999973,0.4521665293611332
20.839999999999726,0.4515534181114891
20.849999999999724,0.45094030686184505
20.859999999999726,0.45032719561220086
20.869999999999727,0.4497140843625565
20.879999999999725,0.4491009731129125
20.889999999999723,0.4484878618632685
20.899999999999725,0.44788399251825384
20.909999999999727,0.4473827687338964
20.919999999999725,0.44688154494953913
20.929999999999723,0.4463803211651819
20.939999999999724,0.4458790973808245
20.949999999999726,0.4453778735964671
20.959999999999724,0.4448766498121099
20.96999999999972,0.44437542602775265
20.979999999999723,0.4438742022433952
20.989999999999725,0.4433729784590377
20.999999999999723,0.44287175467468054
21.00999999999972,0.4423705308903233
21.019999999999722,0.44186930710596584
21.029999999999724,0.4413680833216085
21.039999999999722,0.44086685953725124
21.04999999999972,0.440365635752894
21.05999999999972,0.4398644119685366
21.069999999999723,0.43936318818417913
21.07999999999972,0.4388619643998219
21.08999999999972,0.43836074061546465
21.09999999999972,0.4378595168311073
21.109999999999722,0.43735829304674984
21.11999999999972,0.43685706926239265
21.12999999999972,0.4363558454780354
21.13999999999972,0.43585462169367795
21.14999999999972,0.4353533979093206
21.15999999999972,0.4348521741249633
21.169999999999717,0.43435095034060606
21.17999999999972,0.4338497265562487
21.18999999999972,0.43334850277189124
21.19999999999972,0.432847278987534
21.209999999999717,0.43234605520317676
21.219999999999718,0.43184483141881935
21.22999999999972,0.43134360763446195
21.239999999999718,0.43084238385010465
21.249999999999716,0.4303411600657474
21.259999999999717,0.42983993628139006
21.26999999999972,0.4293387124970326
21.279999999999717,0.4288374887126754
21.289999999999715,0.42833626492831817
21.299999999999716,0.4278350411439607
21.309999999999718,0.42733381735960335
21.319999999999716,0.4268325935752461
21.329999999999714,0.4263313697908888
21.339999999999716,0.42583014600653146
21.349999999999717,0.425328922222174
21.359999999999715,0.42482769843781676
21.369999999999713,0.4243264746534595
21.379999999999715,0.4238252508691021
21.389999999999716,0.4233240270847447
21.399999999999714,0.42282280330038746
21.409999999999712,0.4223215795160303
21.419999999999714,0.4218203557316728
21.429999999999715,0.4211775657512792
21.439999999999714,0.42051523328814555
21.44999999999971,0.41985290082501187
21.459999999999713,0.419190568361878
21.469999999999715,0.4185282358987442
21.479999999999713,0.4178659034356106
21.48999999999971,0.41720357097247696
21.499999999999712,0.41654123850934305
21.509999999999714,0.4158789060462092
21.519999999999712,0.4152165735830756
21.52999999999971,0.414554241119942
21.53999999999971,0.4138919086568081
21.549999999999713,0.41322957619367423
21.55999999999971,0.41256724373054066
21.56999999999971,0.411904911267407
21.57999999999971,0.4112425788042732
21.589999999999712,0.41058024634113927
21.59999999999971,0.40991791387800564
21.609999999999708,0.40925558141487206
21.61999999999971,0.4085932489517382
21.62999999999971,0.40793091648860436
21.63999999999971,0.40726858402547067
21.649999999999707,0.4066062515623371
21.65999999999971,0.40594391909920324
21.66999999999971,0.4052815866360694
21.67999999999971,0.4046192541729357
21.689999999999706,0.4039569217098021
21.699999999999708,0.4032945892466682
21.70999999999971,0.4026322567835344
21.719999999999708,0.4019699243204008
21.729999999999706,0.4013075918572671
21.739999999999707,0.40064525939413326
21.74999999999971,0.3999829269309994
21.759999999999707,0.39932059446786583
21.769999999999705,0.39865826200473214
21.779999999999706,0.3979959295415983
21.789999999999708,0.39733359707846444
21.799999999999706,0.3966712646153308
21.809999999999704,0.39600893215219723
21.819999999999705,0.3953465996890633
21.829999999999707,0.3946842672259295
21.839999999999705,0.39402193476279584
21.849999999999703,0.39335960229966227
21.859999999999705,0.3927153485166565
21.869999999999706,0.39210223652760273
21.879999999999704,0.39148912453854906
21.889999999999702,0.3908760125494955
21.899999999999704,0.3902629005604417
21.909999999999705,0.3896497885713879
21.919999999999703,0.3890366765823343
21.9299999999997,0.3884235645932807
21.939999999999703,0.3878104526042269
21.949999999999704,0.38719734061517314
21.959999999999702,0.38658422862611946
21.9699999999997,0.3859711166370659
21.979999999999702,0.38535800464801206
21.989999999999704,0.3847448926589583
21.9999999999997,0.3841317806699047
22.0099999999997,0.3835186686808511
22.0199999999997,0.3829055566917973
22.029999999999703,0.38229244470274343
22.0399999999997,0.38167933271368987
22.0499999999997,0.3810662207246363
22.0599999999997,0.38045310873558247
22.069999999999702,0.3798399967465287
22.0799999999997,0.37922688475747507
22.089999999999698,0.3786137727684215
22.0999999999997,0.3780006607793677
22.1099999999997,0.37738754879031383
22.1199999999997,0.37677443680126027
22.129999999999697,0.37616132481220665
22.1399999999997,0.37554821282315287
22.1499999999997,0.3749351008340991
22.159999999999698,0.3743219888450455
22.169999999999696,0.3737088768559919
22.179999999999698,0.37309576486693813
22.1899999999997,0.3724826528778843
22.199999999999697,0.37186954088883073
22.209999999999695,0.37125642889977706
22.219999999999697,0.3706433169107233
22.2299999999997,0.37003020492166944
22.239999999999696,0.3694170929326159
22.249999999999694,0.3688039809435623
22.259999999999696,0.3681908689545085
22.269999999999698,0.3675777569654547
22.279999999999696,0.366964644976401
22.289999999999694,0.36635153298734746
22.299999999999695,0.3657384209982937
22.309999999999697,0.36512530900923984
22.319999999999695,0.3645121970201863
22.329999999999693,0.3638652856178034
22.339999999999694,0.3631626861695702
22.349999999999696,0.362460086721337
22.359999999999694,0.36175748727310414
22.369999999999692,0.3610548878248712
22.379999999999693,0.360352288376638
22.389999999999695,0.3596496889284049
22.399999999999693,0.3589470894801719
22.40999999999969,0.358244490031939
22.419999999999693,0.35754189058370583
22.429999999999694,0.35683929113547264
22.439999999999692,0.3561366916872397
22.44999999999969,0.35543409223900685
22.45999999999969,0.35473149279077365
22.469999999999693,0.3540288933425405
22.47999999999969,0.3533262938943076
22.48999999999969,0.3526236944460746
22.49999999999969,0.35192109499784147
22.509999999999692,0.3512184955496083
22.51999999999969,0.35051589610137535
22.52999999999969,0.3498132966531425
22.53999999999969,0.3491106972049093
22.54999999999969,0.3484080977566761
22.55999999999969,0.3477054983084432
22.569999999999688,0.34700289886021024
22.57999999999969,0.34630029941197704
22.58999999999969,0.34559769996374395
22.59999999999969,0.344895100515511
22.609999999999687,0.3441925010672781
22.61999999999969,0.3434899016190449
22.62999999999969,0.3427873021708117
22.639999999999688,0.34208470272257885
22.649999999999686,0.34138210327434587
22.659999999999688,0.3406795038261128
22.66999999999969,0.3399769043778796
22.679999999999687,0.3392743049296466
22.689999999999685,0.33857170548141374
22.699999999999687,0.33786910603318054
22.709999999999688,0.33716650658494735
22.719999999999686,0.3364639071367145
22.729999999999684,0.3357613076884815
22.739999999999686,0.3350587082402484
22.749999999999687,0.3343561087920152
22.759999999999685,0.33365350934378224
22.769999999999683,0.3329509098955494
22.779999999999685,0.3322483104473162
22.789999999999687,0.33154571099908303
22.799999999999685,0.3308431115508501
22.809999999999683,0.3301405121026172
22.819999999999684,0.32943791265438405
22.829999999999686,0.32873531320615085
22.839999999999684,0.3280327137579179
22.84999999999968,0.3273484943374949
22.859999999999683,0.3267597031110172
22.869999999999685,0.3261709118845396
22.879999999999683,0.3255821206580622
22.88999999999968,0.32499332943158477
22.899999999999682,0.3244045382051071
22.909999999999684,0.32381574697862947
22.919999999999682,0.32322695575215205
22.92999999999968,0.3226381645256746
22.93999999999968,0.322049373299197
22.949999999999683,0.3214605820727194
22.95999999999968,0.32087179084624196
22.96999999999968,0.3202829996197645
22.97999999999968,0.3196942083932869
22.989999999999682,0.31910541716680924
22.99999999999968,0.3185166259403318
23.00999999999968,0.3179278347138544
23.01999999999968,0.31733904348737674
23.02999999999968,0.3167502522608991
23.03999999999968,0.31616146103442166
23.049999999999677,0.31557266980794424
23.05999999999968,0.3149838785814666
23.06999999999968,0.31439508735498894
23.07999999999968,0.3138062961285115
23.089999999999677,0.3132175049020341
23.099999999999678,0.3126287136755565
23.10999999999968,0.31203992244907885
23.119999999999678,0.31145113122260143
23.129999999999676,0.310862339996124
23.139999999999677,0.31027354876964636
23.14999999999968,0.3096847575431687
23.159999999999677,0.3090959663166913
23.169999999999675,0.30850717509021386
23.179999999999676,0.3079183838637362
23.189999999999678,0.30732959263725856
23.199999999999676,0.3067408014107812
23.209999999999674,0.3061520101843037
23.219999999999676,0.30556321895782607
23.229999999999677,0.3049744277313485
23.239999999999675,0.30438563650487105
23.249999999999673,0.3037602655927448
23.259999999999675,0.30289950644316194
23.269999999999676,0.3020387472935791
23.279999999999674,0.3011779881439965
23.289999999999672,0.30031722899441393
23.299999999999674,0.2994564698448311
23.309999999999675,0.2985957106952482
23.319999999999673,0.29773495154566565
23.32999999999967,0.2968741923960831
23.339999999999673,0.2960134332465002
23.349999999999675,0.2951526740969173
23.359999999999673,0.29429191494733475
23.36999999999967,0.2934311557977522
23.379999999999672,0.2925703966481693
23.389999999999674,0.2917096374985864
23.39999999999967,0.29084887834900386
23.40999999999967,0.2899881191994213
23.41999999999967,0.2891273600498384
23.429999999999673,0.2882666009002556
23.43999999999967,0.28740584175067296
23.44999999999967,0.2865450826010904
23.45999999999967,0.28568432345150757
23.469999999999672,0.2848235643019247
23.47999999999967,0.2839628051523421
23.489999999999668,0.28310204600275957
23.49999999999967,0.2822412868531767
23.50999999999967,0.28138052770359384
23.51999999999967,0.2805197685540113
23.529999999999667,0.27965900940442867
23.53999999999967,0.27879825025484584
23.54999999999967,0.27793749110526295
23.55999999999967,0.2770767319556804
23.569999999999666,0.27621597280609783
23.579999999999668,0.27535521365651494
23.58999999999967,0.2744944545069321
23.599999999999667,0.2736336953573495
23.609999999999665,0.27277293620776694
23.619999999999667,0.2719121770581841
23.62999999999967,0.2710514179086012
23.639999999999667,0.27019065875901865
23.649999999999665,0.2693298996094361
23.659999999999666,0.2684691404598532
23.669999999999668,0.2676083813102703
23.679999999999666,0.26674762216068776
23.689999999999664,0.2658868630111052
23.699999999999665,0.2650261038615223
23.709999999999667,0.2641653447119394
23.719999999999665,0.26330458556235686
23.729999999999663,0.2624438264127743
23.739999999999664,0.2616537041140603
23.749999999999666,0.2609738331869485
23.759999999999664,0.26029396225983686
23.769999999999662,0.25961409133272534
23.779999999999664,0.2589342204056135
23.789999999999665,0.2582543494785016
23.799999999999663,0.25757447855139004
23.80999999999966,0.25689460762427846
23.819999999999663,0.2562147366971666
23.829999999999664,0.2555348657700548
23.839999999999662,0.2548549948429432
23.84999999999966,0.25417512391583164
23.859999999999662,0.25349525298871983
23.869999999999663,0.252815382061608
23.87999999999966,0.2521355111344964
23.88999999999966,0.2514556402073848
23.89999999999966,0.25077576928027295
23.909999999999663,0.2500958983531611
23.91999999999966,0.24941602742604954
23.92999999999966,0.24873615649893796
23.93999999999966,0.24805628557182613
23.949999999999662,0.2473764146447143
23.95999999999966,0.24669654371760272
23.969999999999658,0.2460166727904911
23.97999999999966,0.24533680186337928
23.98999999999966,0.24465693093626747
23.99999999999966,0.24397706000915587
24.009999999999657,0.24329718908204426
24.01999999999966,0.24261731815493245
24.02999999999966,0.24193744722782062
24.039999999999658,0.24125757630070901
24.049999999999656,0.24057770537359743
24.059999999999658,0.2398978344464856
24.06999999999966,0.23921796351937377
24.079999999999657,0.2385380925922622
24.089999999999655,0.23785822166515058
24.099999999999657,0.23717835073803875
24.10999999999966,0.23649847981092695
24.119999999999656,0.23581860888381534
24.129999999999654,0.23513873795670373
24.139999999999656,0.23445886702959193
24.149999999999658,0.2337789961024801
24.159999999999656,0.2330991251753685
24.169999999999654,0.23241925424825693
24.179999999999655,0.23173938332114508
24.189999999999657,0.23105951239403325
24.199999999999655,0.23037964146692166
24.209999999999653,0.22969977053981008
24.219999999999654,0.22901989961269822
24.229999999999656,0.22834002868558642
24.239999999999654,0.2276601577584748
24.249999999999652,0.22698028683136323
24.259999999999653,0.2263004159042514
24.269999999999655,0.22562054497713957
24.279999999999653,0.22490886432166562
24.28999999999965,0.2241559347625722
24.299999999999653,0.22340300520347847
24.309999999999654,0.22265007564438477
24.319999999999652,0.22189714608529135
24.32999999999965,0.22114421652619792
24.33999999999965,0.22039128696710422
24.349999999999653,0.21963835740801055
24.35999999999965,0.2188854278489171
24.36999999999965,0.21813249828982367
24.37999999999965,0.21737956873073
24.389999999999652,0.2166266391716363
24.39999999999965,0.21587370961254287
24.40999999999965,0.21512078005344942
24.41999999999965,0.21436785049435575
24.42999999999965,0.21361492093526202
24.43999999999965,0.21286199137616862
24.449999999999648,0.2121090618170752
24.45999999999965,0.21135613225798147
24.46999999999965,0.2106032026988878
24.47999999999965,0.20985027313979435
24.489999999999647,0.20909734358070092
24.49999999999965,0.20834441402160725
24.50999999999965,0.20759148446251355
24.519999999999648,0.20683855490342012
24.529999999999646,0.2060856253443267
24.539999999999647,0.205332695785233
24.54999999999965,0.2045797662261393
24.559999999999647,0.20382683666704587
24.569999999999645,0.20307390710795245
24.579999999999647,0.20232097754885875
24.589999999999648,0.20156804798976508
24.599999999999646,0.2008151184306716
24.609999999999644,0.2000621888715782
24.619999999999646,0.19930925931248453
24.629999999999647,0.1985563297533908
24.639999999999645,0.19780340019429737
24.649999999999643,0.19705047063520392
24.659999999999645,0.19629754107611025
24.669999999999646,0.19554461151701655
24.679999999999644,0.19479168195792312
24.689999999999642,0.1940387523988297
24.699999999999644,0.193285822839736
24.709999999999646,0.19253289328064233
24.719999999999644,0.19177996372154887
24.72999999999964,0.19102703416245545
24.739999999999643,0.19027410460336175
24.749999999999645,0.18952117504426805
24.759999999999643,0.18876824548517465
24.76999999999964,0.1880153159260812
24.779999999999642,0.18726238636698753
24.789999999999644,0.1865094568078938
24.799999999999642,0.18575652724880037
24.80999999999964,0.18500359768970698
24.81999999999964,0.18425066813061325
24.829999999999643,0.18349773857151958
24.83999999999964,0.18272068869503977
24.84999999999964,0.1819349379121233
24.85999999999964,0.18114918712920655
24.869999999999642,0.18036343634628985
24.87999999999964,0.1795776855633734
24.889999999999638,0.1787919347804569
24.89999999999964,0.17800618399754017
24.90999999999964,0.17722043321462344
24.91999999999964,0.17643468243170699
24.929999999999637,0.17564893164879053
24.93999999999964,0.17486318086587377
24.94999999999964,0.17407743008295704
24.95999999999964,0.17329167930004058
24.969999999999636,0.1725059285171241
24.979999999999638,0.1717201777342074
24.98999999999964,0.17093442695129063
24.999999999999638,0.17014867616837417
25.009999999999636,0.16936292538545772
25.019999999999637,0.168577174602541
25.02999999999964,0.16779142381962425
25.039999999999637,0.1670056730367078
25.049999999999635,0.16621992225379134
25.059999999999636,0.1654341714708746
25.069999999999638,0.16464842068795787
25.079999999999636,0.16386266990504142
25.089999999999634,0.16307691912212494
25.099999999999635,0.1622911683392082
25.109999999999637,0.16150541755629147
25.119999999999635,0.16071966677337501
25.129999999999633,0.15993391599045856
25.139999999999635,0.15914816520754183
25.149999999999636,0.1583624144246251
25.159999999999634,0.15757666364170864
25.169999999999632,0.15679091285879218
25.179999999999634,0.15600516207587545
25.189999999999635,0.15521941129295871
25.199999999999633,0.15443366051004226
25.20999999999963,0.15364790972712578
25.219999999999633,0.15286215894420904
25.229999999999634,0.1520764081612923
25.239999999999633,0.1513446165064922
25.24999999999963,0.1506360936155453
25.259999999999632,0.14992757072459822
25.269999999999634,0.14921904783365111
25.27999999999963,0.14851052494270425
25.28999999999963,0.14780200205175742
25.29999999999963,0.1470934791608103
25.309999999999633,0.1463849562698632
25.31999999999963,0.14567643337891634
25.32999999999963,0.14496791048796948
25.33999999999963,0.1442593875970224
25.349999999999632,0.14355086470607528
25.35999999999963,0.14284234181512842
25.369999999999628,0.14213381892418156
25.37999999999963,0.14142529603323445
25.38999999999963,0.14071677314228737
25.39999999999963,0.1400082502513405
25.409999999999627,0.13929972736039364
25.41999999999963,0.13859120446944656
25.42999999999963,0.13788268157849945
25.43999999999963,0.1371741586875526
25.449999999999626,0.13646563579660573
25.459999999999628,0.13575711290565862
25.46999999999963,0.1350485900147115
25.479999999999627,0.13434006712376464
25.489999999999625,0.1336315442328178
25.499999999999627,0.1329230213418707
25.50999999999963,0.1322144984509236
25.519999999999627,0.13150597555997676
25.529999999999625,0.1307974526690299
25.539999999999626,0.13008892977808278
25.549999999999628,0.12938040688713567
25.559999999999626,0.1286718839961888
25.569999999999624,0.12796336110524195
25.579999999999625,0.12725483821429487
25.589999999999627,0.12654631532334776
25.599999999999625,0.1258377924324009
25.609999999999623,0.12512926954145406
25.619999999999624,0.12442074665050694
25.629999999999626,0.12371222375955983
25.639999999999624,0.12300370086861298
25.649999999999622,0.12229517797766612
25.659999999999624,0.12158665508671901
25.669999999999625,0.12087813219577191
25.679999999999623,0.12016960930482506
25.68999999999962,0.1194610864138782
25.699999999999623,0.11875256352293109
25.709999999999624,0.11804404063198398
25.719999999999622,0.11733551774103713
25.72999999999962,0.11662699485009029
25.739999999999622,0.11591847195914319
25.749999999999623,0.11520994906819608
25.75999999999962,0.11450142617724922
25.76999999999962,0.11379290328630237
25.77999999999962,0.11308438039535526
25.789999999999623,0.11237585750440815
25.79999999999962,0.11166733461346129
25.80999999999962,0.11095881172251444
25.81999999999962,0.11025028883156733
25.82999999999962,0.10953133550811238
25.83999999999962,0.10880275794977733
25.849999999999618,0.10807418039144229
25.85999999999962,0.10734560283310697
25.86999999999962,0.10661702527477167
25.87999999999962,0.10588844771643662
25.889999999999617,0.10515987015810158
25.89999999999962,0.10443129259976626
25.90999999999962,0.10370271504143096
25.919999999999618,0.1029741374830959
25.929999999999616,0.10224555992476086
25.939999999999618,0.10151698236642555
25.94999999999962,0.10078840480809025
25.959999999999617,0.10005982724975519
25.969999999999615,0.09933124969142015
25.979999999999617,0.09860267213308484
25.98999999999962,0.09787409457474953
25.999999999999616,0.09714551701641447
26.009999999999614,0.09641693945807941
26.019999999999616,0.09568836189974411
26.029999999999617,0.09495978434140881
26.039999999999615,0.09423120678307376
26.049999999999613,0.0935026292247387
26.059999999999615,0.0927740516664034
26.069999999999617,0.0920454741080681
26.079999999999615,0.09131689654973305
26.089999999999613,0.09058831899139799
26.099999999999614,0.08985974143306269
26.109999999999616,0.08913116387472737
26.119999999999614,0.08840258631639233
26.12999999999961,0.08767400875805728
26.139999999999613,0.08694543119972198
26.149999999999615,0.08621685364138666
26.159999999999613,0.08548827608305162
26.16999999999961,0.08475969852471657
26.179999999999612,0.08403112096638127
26.189999999999614,0.08330254340804594
26.199999999999612,0.0825739658497109
26.20999999999961,0.08184538829137585
26.21999999999961,0.08111681073304054
26.229999999999613,0.08038823317470524
26.23999999999961,0.07965965561637019
26.24999999999961,0.07893107805803513
26.25999999999961,0.07820250049969982
26.269999999999612,0.07747392294136451
26.27999999999961,0.07674534538302946
26.28999999999961,0.07601676782469442
26.29999999999961,0.0752881902663591
26.30999999999961,0.0745596127080238
26.31999999999961,0.07383103514968875
26.329999999999607,0.07310245759135371
26.33999999999961,0.0723738800330184
26.34999999999961,0.07164530247468309
26.35999999999961,0.07091672491634804
26.369999999999607,0.07022536371528824
26.379999999999608,0.06956303100792813
26.38999999999961,0.06890069830056801
26.399999999999608,0.06823836559320813
26.409999999999606,0.06757603288584825
26.419999999999607,0.06691370017848813
26.42999999999961,0.06625136747112802
26.439999999999607,0.06558903476376814
26.449999999999605,0.06492670205640826
26.459999999999607,0.06426436934904814
26.469999999999608,0.06360203664168802
26.479999999999606,0.06293970393432814
26.489999999999604,0.06227737122696826
26.499999999999606,0.061615038519608145
26.509999999999607,0.06095270581224803
26.519999999999605,0.06029037310488815
26.529999999999603,0.05962804039752826
26.539999999999605,0.05896570769016815
26.549999999999606,0.058303374982808034
26.559999999999604,0.05764104227544815
26.569999999999602,0.056978709568088266
26.579999999999604,0.05631637686072815
26.589999999999606,0.05565404415336803
26.599999999999604,0.05499171144600815
26.6099999999996,0.05432937873864827
26.619999999999603,0.05366704603128816
26.629999999999605,0.05300471332392804
26.639999999999603,0.05234238061656816
26.6499999999996,0.05168004790920828
26.659999999999602,0.05101771520184816
26.669999999999604,0.050355382494488045
26.679999999999602,0.049693049787128164
26.6899999999996,0.04903071707976829
26.6999999999996,0.04836838437240816
26.709999999999603,0.04770605166504805
26.7199999999996,0.04704371895768818
26.7299999999996,0.04638138625032829
26.7399999999996,0.045719053542968166
26.749999999999602,0.045056720835608056
26.7599999999996,0.044394388128248176
26.769999999999598,0.04373205542088829
26.7799999999996,0.04306972271352818
26.7899999999996,0.04240739000616806
26.7999999999996,0.041778438867232495
26.809999999999597,0.041778438867232495
26.8199999999996,0.041778438867232495
26.8299999999996,0.041778438867232495
26.8399999999996,0.041778438867232495
26.849999999999596,0.041778438867232495
26.859999999999598,0.041778438867232495
26.8699999999996,0.041778438867232495
26.879999999999598,0.041778438867232495
26.889999999999596,0.041778438867232495
26.899999999999597,0.041778438867232495
26.9099999999996,0.041778438867232495
26.919999999999597,0.041778438867232495
26.929999999999595,0.041778438867232495
26.939999999999596,0.041778438867232495
26.949999999999598,0.041778438867232495
26.959999999999596,0.041778438867232495
26.969999999999594,0.041778438867232495
26.979999999999595,0.041778438867232495
26.989999999999597,0.041778438867232495
