bn,c1ccccc1,0.1,-11.01,-12.12,-13.14,-14.05,-14.82,-15.47,-16,-16.43,-16.76,-16.98,-17.15,-17.24,-17.24,-17.15,-16.98,-16.76,-16.43,-16,-15.47,-14.82,-14.05,-13.14,-12.12,-11.01,,,,,,,,,,,,,,,,,,,,,,,,,,,,,,,,,,,,,,,,,,,,,,,,,,,,,,,,,
pyd,c1ccncc1,0.1,-10.63,-11.69,-12.64,-13.49,-14.22,-14.83,-15.32,-15.72,-16.01,-16.21,-16.35,-16.41,-16.43,-16.41,-16.35,-16.21,-16.01,-15.72,-15.32,-14.83,-14.22,-13.49,-12.64,-11.69,-10.63,,,,,,,,,,,,,,,,,,,,,,,,,,,,,,,,,,,,,,,,,,,,,,,,,,,,,,,,
pyla,c1cc[nH]c1,0.1,-10.16,-10.95,-11.64,-12.22,-12.68,-13.03,-13.3,-13.48,-13.58,-13.63,-13.63,-13.63,-13.63,-13.58,-13.48,-13.3,-13.03,-12.68,-12.22,-11.64,-10.95,-10.16,,,,,,,,,,,,,,,,,,,,,,,,,,,,,,,,,,,,,,,,,,,,,,,,,,,,,,,,,,,
pylb,c1cc[nH]c1,0.1,-9.68,-10.56,-11.34,-12.01,-12.57,-12.99,-13.3,-13.5,-13.62,-13.64,-13.57,-13.43,-13.23,-12.95,-12.6,-12.18,-11.67,-11.06,-10.39,-9.62,-8.78,-7.91,,,,,,,,,,,,,,,,,,,,,,,,,,,,,,,,,,,,,,,,,,,,,,,,,,,,,,,,,,,
pyz,c1cnccn1,0.1,-10.38,-11.4,-12.34,-13.15,-13.87,-14.45,-14.93,-15.29,-15.56,-15.75,-15.87,-15.87,-15.75,-15.56,-15.29,-14.93,-14.45,-13.87,-13.15,-12.34,-11.4,-10.38,,,,,,,,,,,,,,,,,,,,,,,,,,,,,,,,,,,,,,,,,,,,,,,,,,,,,,,,,,,
fura,c1ccoc1,0.1,-8.75,-9.35,-9.86,-10.25,-10.55,-10.77,-10.91,-11.01,-11.06,-11.09,-11.08,-11.08,-11.09,-11.06,-11.01,-10.91,-10.77,-10.55,-10.25,-9.86,-9.35,-8.75,,,,,,,,,,,,,,,,,,,,,,,,,,,,,,,,,,,,,,,,,,,,,,,,,,,,,,,,,,,
furb,c1ccoc1,0.1,-7.89,-8.62,-9.25,-9.79,-10.23,-10.58,-10.82,-10.99,-11.08,-11.09,-11.02,-10.91,-10.74,-10.52,-10.23,-9.87,-9.45,-8.95,-8.39,-7.76,-7.08,-6.36,,,,,,,,,,,,,,,,,,,,,,,,,,,,,,,,,,,,,,,,,,,,,,,,,,,,,,,,,,,
thia,c1ccsc1,0.1,-9.46,-10.23,-10.92,-11.48,-11.94,-12.32,-12.58,-12.78,-12.94,-13.03,-13.03,-12.94,-12.78,-12.58,-12.32,-11.94,-11.48,-10.92,-10.23,-9.46,,,,,,,,,,,,,,,,,,,,,,,,,,,,,,,,,,,,,,,,,,,,,,,,,,,,,,,,,,,,,
thib,c1ccsc1,0.1,-8.82,-9.67,-10.43,-11.08,-11.64,-12.09,-12.43,-12.69,-12.89,-13.03,-13.1,-13.16,-13.17,-13.16,-13.12,-13.06,-12.95,-12.81,-12.63,-12.37,-12.04,-11.61,-11.09,-10.48,-9.75,-8.94,,,,,,,,,,,,,,,,,,,,,,,,,,,,,,,,,,,,,,,,,,,,,,,,,,,,,,,
dbrn,b1ccbcc1,0.1,-10.35,-11.39,-12.35,-13.2,-13.95,-14.58,-15.09,-15.52,-15.85,-16.09,-16.29,-16.42,-16.51,-16.55,-16.55,-16.51,-16.42,-16.29,-16.09,-15.85,-15.52,-15.09,-14.58,-13.95,-13.2,-12.35,-11.39,-10.35,,,,,,,,,,,,,,,,,,,,,,,,,,,,,,,,,,,,,,,,,,,,,,,,,,,,,
dhbn,B1C=CBC=C1,0.1,-0.25,0.39,1.15,1.99,2.88,3.8,4.71,5.57,6.36,7.05,7.62,8.06,8.37,8.51,8.51,8.37,8.06,7.62,7.05,6.36,5.57,4.71,3.8,2.88,1.99,1.15,0.39,-0.25,,,,,,,,,,,,,,,,,,,,,,,,,,,,,,,,,,,,,,,,,,,,,,,,,,,,,
bn-bn,c1ccc2ccccc2c1,0.1,-10.88,-12.1,-13.21,-14.22,-15.09,-15.83,-16.43,-16.91,-17.29,-17.56,-17.74,-17.86,-17.93,-17.95,-17.94,-17.95,-17.93,-17.9,-17.88,-17.88,-17.88,-17.87,-17.87,-17.9,-17.9,-17.87,-17.87,-17.88,-17.88,-17.88,-17.9,-17.93,-17.95,-17.94,-17.95,-17.93,-17.86,-17.74,-17.56,-17.29,-16.91,-16.43,-15.83,-15.09,-14.22,-13.21,-12.1,-10.88,,,,,,,,,,,,,,,,,,,,,,,,,,,,,,,,,
bn-pyd,c1ccc2ncccc2c1,0.1,-10.47,-11.61,-12.64,-13.58,-14.38,-15.06,-15.61,-16.04,-16.37,-16.6,-16.76,-16.88,-16.92,-16.97,-17,-17.02,-17.04,-17.08,-17.13,-17.19,-17.26,-17.34,-17.43,-17.51,-17.58,-17.66,-17.73,-17.78,-17.84,-17.88,-17.94,-17.99,-18.05,-18.08,-18.11,-18.12,-18.1,-18.03,-17.92,-17.74,-17.46,-17.07,-16.6,-15.98,-15.23,-14.36,-13.32,-12.21,,,,,,,,,,,,,,,,,,,,,,,,,,,,,,,,,
bn-pyz,c1ccc2nccnc2c1,0.1,-10.92,-12.14,-13.27,-14.3,-15.18,-15.95,-16.57,-17.06,-17.45,-17.74,-17.93,-18.06,-18.12,-18.15,-18.14,-18.1,-18.05,-18,-17.95,-17.87,-17.79,-17.71,-17.63,-17.53,-17.4,-17.3,-17.17,-17.06,-16.95,-16.85,-16.77,-16.69,-16.64,-16.58,-16.55,-16.45,-16.35,-16.21,-16,-15.72,-15.34,-14.86,-14.23,-13.48,-12.62,-11.63,,,,,,,,,,,,,,,,,,,,,,,,,,,,,,,,,,,
bn-dhbn,B1C=CBc2ccccc21,0.1,-9.34,-9.98,-10.53,-10.98,-11.34,-11.61,-11.84,-12,-12.12,-12.23,-12.29,-12.29,-12.32,-12.35,-12.31,-12.22,-12.08,-11.82,-11.48,-11,-10.39,-9.62,-8.69,-7.6,-6.39,-4.37,-2.95,-1.52,-0.1,1.25,2.51,3.64,4.61,5.45,6.1,6.61,6.94,7.1,7.1,7.07,6.84,6.49,6.01,5.41,4.72,3.96,3.16,2.34,1.55,0.82,0.18,-0.37,,,,,,,,,,,,,,,,,,,,,,,,,,,,,
bn-dbrn,b1ccbc2ccccc12,0.1,-11.19,-12.19,-13.08,-13.85,-14.51,-15.04,-15.47,-15.77,-16.02,-16.18,-16.28,-16.36,-16.4,-16.43,-16.45,-16.47,-16.49,-16.54,-16.59,-16.65,-16.74,-16.83,-16.91,-16.99,-17.06,-17.15,-17.2,-17.28,-17.36,-17.44,-17.51,-17.61,-17.7,-17.79,-17.89,-17.95,-18.01,-18.03,-18.03,-17.98,-17.88,-17.72,-17.49,-17.16,-16.74,-16.2,-15.55,-14.76,-13.86,-12.84,-11.72,-10.52,,,,,,,,,,,,,,,,,,,,,,,,,,,,,
bn-fura,c1ccc2occc2c1,0.1,-11.29,-12.44,-13.5,-14.46,-15.28,-15.96,-16.51,-16.93,-17.25,-17.5,-17.63,-17.72,-17.75,-17.73,-17.66,-17.55,-17.39,-17.19,-16.94,-16.64,-16.28,-15.86,-15.4,-14.89,-14.4,-13.84,-13.28,-12.76,-12.25,-11.83,-11.45,-11.14,-10.88,-10.69,-10.61,-10.48,-10.34,-10.2,-10.04,-9.82,-9.56,-9.19,-8.77,-8.26,-7.63,,,,,,,,,,,,,,,,,,,,,,,,,,,,,,,,,,,,
bn-pyla,c1ccc2[nH]ccc2c1,0.1,-11.3,-12.49,-13.59,-14.55,-15.39,-16.1,-16.66,-17.09,-17.43,-17.67,-17.84,-17.94,-17.97,-17.98,-17.93,-17.88,-17.78,-17.66,-17.5,-17.33,-17.14,-16.91,-16.64,-16.35,-16.05,-15.85,-15.53,-15.25,-14.97,-14.73,-14.53,-14.35,-14.22,-14.08,-13.98,-13.91,-13.75,-13.55,-13.32,-12.99,-12.57,-12.07,-11.43,-10.69,-9.86,,,,,,,,,,,,,,,,,,,,,,,,,,,,,,,,,,,,
bn-thia,c1ccc2sccc2c1,0.1,-11.04,-12.21,-13.27,-14.22,-15.03,-15.71,-16.26,-16.69,-17.01,-17.25,-17.39,-17.47,-17.49,-17.46,-17.41,-17.3,-17.17,-16.99,-16.79,-16.55,-16.26,-15.94,-15.58,-15.17,-14.75,-14.52,-14.07,-13.64,-13.22,-12.85,-12.54,-12.26,-12.06,-11.9,-11.53,-11.36,-11.19,-10.98,-10.72,-10.39,-9.98,-9.49,-8.9,-8.21,,,,,,,,,,,,,,,,,,,,,,,,,,,,,,,,,,,,,
pyd-pyd,c1cnc2ncccc2c1,0.1,-10.49,-11.64,-12.69,-13.64,-14.45,-15.14,-15.7,-16.14,-16.47,-16.72,-16.89,-16.99,-17.05,-17.05,-17.09,-17.11,-17.13,-17.13,-17.13,-17.17,-17.17,-17.2,-17.23,-17.23,-17.26,-17.25,-17.25,-17.26,-17.23,-17.23,-17.2,-17.17,-17.17,-17.13,-17.13,-17.13,-17.11,-17.09,-17.05,-17.05,-16.99,-16.89,-16.72,-16.47,-16.14,-15.7,-15.14,-14.45,-13.64,-12.69,-11.64,-10.49,,,,,,,,,,,,,,,,,,,,,,,,,,,,,
pyz-pyz,c1cnc2nccnc2n1,0.1,-10.49,-11.64,-12.69,-13.64,-14.45,-15.14,-15.7,-16.14,-16.47,-16.72,-16.89,-16.99,-17.05,-17.05,-17.09,-17.11,-17.13,-17.13,-17.13,-17.17,-17.17,-17.2,-17.23,-17.23,-17.26,-17.25,-17.25,-17.26,-17.23,-17.23,-17.2,-17.17,-17.17,-17.13,-17.13,-17.13,-17.11,-17.09,-17.05,-17.05,-16.99,-16.89,-16.72,-16.47,-16.14,-15.7,-15.14,-14.45,-13.64,-12.69,-11.64,-10.49,,,,,,,,,,,,,,,,,,,,,,,,,,,,,
bn-pylb,c1ccc2c[nH]cc2c1,0.1,-9.3,-10.29,-11.16,-11.95,-12.63,-13.19,-13.63,-14,-14.24,-14.44,-14.58,-14.66,-14.72,-14.78,-14.83,-14.89,-14.96,-15.03,-15.16,-15.31,-15.49,-15.7,-15.93,-16.17,-16.46,-16.7,-16.94,-17.15,-17.36,-17.53,-17.67,-17.79,-17.87,-17.89,-17.88,-17.79,-17.63,-17.35,-16.98,-16.47,-15.84,-15.08,-14.16,-13.15,-12.01,,,,,,,,,,,,,,,,,,,,,,,,,,,,,,,,,,,,
bn-furb,c1ccc2cocc2c1,0.1,-7.56,-8.33,-9.03,-9.63,-10.14,-10.56,-10.89,-11.16,-11.34,-11.48,-11.58,-11.66,-11.71,-11.76,-11.83,-11.88,-11.98,-12.1,-12.25,-12.43,-12.63,-12.86,-13.13,-13.38,-13.7,-13.95,-14.21,-14.46,-14.69,-14.89,-15.07,-15.23,-15.33,-15.39,-15.4,-15.39,-15.28,-15.08,-14.8,-14.38,-13.84,-13.18,-12.4,-11.5,-10.53,-9.45,-8.37,,,,,,,,,,,,,,,,,,,,,,,,,,,,,,,,,,
bn-thib,c1ccc2cscc2c1,0.1,-8.19,-9.05,-9.83,-10.51,-11.08,-11.56,-11.95,-12.24,-12.45,-12.63,-12.72,-12.8,-12.85,-12.91,-12.96,-13,-13.09,-13.23,-13.38,-13.55,-13.79,-14.04,-14.32,-14.62,-15,-15.31,-15.63,-15.92,-16.22,-16.47,-16.77,-16.99,-17.21,-17.4,-17.57,-17.67,-17.75,-17.76,-17.71,-17.58,-17.38,-17.07,-16.66,-16.14,-15.49,-14.7,-13.81,-12.81,-11.67,-10.51,,,,,,,,,,,,,,,,,,,,,,,,,,,,,,,
dbrn-dbrn,b1ccbc2bccbc12,0.1,-11.02,-12.05,-12.99,-13.8,-14.52,-15.12,-15.6,-16,-16.31,-16.54,-16.7,-16.79,-16.85,-16.88,-16.88,-16.87,-16.85,-16.83,-16.79,-16.78,-16.75,-16.76,-16.76,-16.78,-16.79,-16.8,-16.81,-16.82,-16.82,-16.81,-16.8,-16.79,-16.78,-16.76,-16.76,-16.75,-16.78,-16.79,-16.83,-16.85,-16.87,-16.88,-16.88,-16.85,-16.79,-16.7,-16.54,-16.31,-16,-15.6,-15.12,-14.52,-13.8,-12.99,-12.05,-11.02,,,,,,,,,,,,,,,,,,,,,,,,,
dhbn-dhbn,B1C=CBC2=C1BC=CB2,0.1,-0.8,-0.2,0.48,1.25,2.03,2.82,3.59,4.3,4.94,5.49,5.94,6.28,6.5,6.58,6.62,6.55,6.38,6.1,5.75,5.33,4.88,4.4,3.94,3.5,3.15,2.89,2.74,2.7,2.7,2.74,2.89,3.15,3.5,3.94,4.4,4.88,5.33,5.75,6.1,6.38,6.55,6.62,6.58,6.5,6.28,5.94,5.49,4.94,4.3,3.59,2.82,2.03,1.25,0.48,-0.2,-0.8,,,,,,,,,,,,,,,,,,,,,,,,,
pyla-pyla,c1cc2cc[nH]c2[nH]1,0.1,-10.05,-10.83,-11.53,-12.08,-12.55,-12.91,-13.19,-13.39,-13.53,-13.64,-13.68,-13.75,-13.82,-13.88,-13.95,-14.02,-14.1,-14.17,-14.22,-14.24,-14.25,-14.25,-14.25,-14.25,-14.24,-14.22,-14.17,-14.1,-14.02,-13.95,-13.88,-13.82,-13.75,-13.68,-13.64,-13.53,-13.39,-13.19,-12.91,-12.55,-12.08,-11.53,-10.83,-10.05,,,,,,,,,,,,,,,,,,,,,,,,,,,,,,,,,,,,,
fura-fura,c1cc2ccoc2o1,0.1,-8.05,-8.58,-9.02,-9.35,-9.61,-9.8,-9.93,-10.03,-10.12,-10.19,-10.22,-10.32,-10.42,-10.53,-10.66,-10.82,-10.95,-11.07,-11.15,-11.15,-11.07,-10.95,-10.82,-10.66,-10.53,-10.42,-10.32,-10.22,-10.19,-10.12,-10.03,-9.93,-9.8,-9.61,-9.35,-9.02,-8.58,-8.05,,,,,,,,,,,,,,,,,,,,,,,,,,,,,,,,,,,,,,,,,,,
thia-thia,c1cc2ccsc2s1,0.1,-8.42,-9.1,-9.67,-10.13,-10.52,-10.83,-11.04,-11.24,-11.37,-11.47,-11.6,-11.63,-11.66,-11.7,-11.79,-11.87,-11.99,-12.08,-12.17,-12.23,-12.23,-12.17,-12.08,-11.99,-11.87,-11.79,-11.7,-11.66,-11.63,-11.6,-11.47,-11.37,-11.24,-11.04,-10.83,-10.52,-10.13,-9.67,-9.1,-8.42,,,,,,,,,,,,,,,,,,,,,,,,,,,,,,,,,,,,,,,,,
thia-pyd,c1cc2ccsc2cn1,0.1,-8.31,-9,-9.59,-10.09,-10.51,-10.84,-11.1,-11.32,-11.51,-11.66,-11.86,-11.93,-12.05,-12.19,-12.38,-12.6,-12.9,-13.24,-13.6,-13.99,-14.37,-14.58,-14.95,-15.29,-15.59,-15.86,-16.1,-16.29,-16.45,-16.57,-16.67,-16.74,-16.77,-16.76,-16.72,-16.62,-16.46,-16.23,-15.91,-15.47,-14.92,-14.24,-13.43,-12.48,-11.43,-10.3,,,,,,,,,,,,,,,,,,,,,,,,,,,,,,,,,,,
dbrn-thia,b1ccbc2sccc12,0.1,-10.4,-11.52,-12.55,-13.48,-14.3,-15.01,-15.57,-16.04,-16.42,-16.7,-16.9,-17.03,-17.11,-17.13,-17.15,-17.12,-17.05,-16.98,-16.87,-16.73,-16.56,-16.36,-16.14,-15.87,-15.57,-15.23,-14.84,-14.42,-14.11,-13.65,-13.18,-12.74,-12.31,-11.95,-11.63,-11.35,-11.14,-10.98,-10.85,-10.8,-10.7,-10.56,-10.41,-10.23,-10.03,-9.78,-9.48,-9.08,-8.6,-8.04,-7.38,,,,,,,,,,,,,,,,,,,,,,,,,,,,,,
bn-bn-bn_l,c1ccc2cc3ccccc3cc2c1,0.1,-9.97,-11.09,-12.17,-13.1,-13.93,-14.63,-15.19,-15.63,-15.99,-16.22,-16.4,-16.51,-16.59,-16.64,-16.69,-16.71,-16.79,-16.87,-17.01,-17.2,-17.42,-17.7,-18.01,-18.35,-18.81,-19.18,-19.55,-19.9,-20.23,-20.52,-20.8,-21.03,-21.23,-21.37,-21.49,-21.57,-21.57,-21.49,-21.37,-21.23,-21.03,-20.8,-20.52,-20.23,-19.9,-19.55,-19.18,-18.81,-18.35,-18.01,-17.7,-17.42,-17.2,-17.01,-16.87,-16.79,-16.71,-16.69,-16.64,-16.59,-16.51,-16.4,-16.22,-15.99,-15.63,-15.19,-14.63,-13.93,-13.1,-12.17,-11.09,-9.97,,,,,,,,,
bn-bn-bn_a,c1ccc2c(c1)ccc1ccccc12,0.1,-10.8,-11.99,-13.1,-14.08,-14.95,-15.67,-16.28,-16.74,-17.1,-17.37,-17.53,-17.65,-17.7,-17.69,-17.67,-17.61,-17.51,-17.42,-17.28,-17.15,-16.97,-16.81,-16.61,-16.4,-16.1,-15.87,-15.62,-15.41,-15.19,-15,-14.84,-14.74,-14.65,-14.59,-14.54,-14.52,-14.52,-14.54,-14.59,-14.65,-14.74,-14.84,-15,-15.19,-15.41,-15.62,-15.87,-16.1,-16.4,-16.61,-16.81,-16.97,-17.15,-17.28,-17.42,-17.51,-17.61,-17.67,-17.69,-17.7,-17.65,-17.53,-17.37,-17.1,-16.74,-16.28,-15.67,-14.95,-14.08,-13.1,-11.99,-10.8,,,,,,,,,
pyd-bn-bn_l,c1ccc2cc3cnccc3cc2c1,0.1,-10.54,-11.45,-12.27,-12.95,-13.52,-13.98,-14.32,-14.56,-14.75,-14.89,-14.99,-15.04,-15.14,-15.23,-15.38,-15.57,-15.8,-16.08,-16.43,-16.81,-17.25,-17.73,-18.22,-18.78,-19.25,-19.69,-20.1,-20.45,-20.78,-21.06,-21.28,-21.45,-21.57,-21.64,-21.69,-21.66,-21.58,-21.48,-21.33,-21.14,-20.91,-20.65,-20.37,-20.03,-19.7,-19.35,-18.98,-18.53,-18.21,-17.88,-17.64,-17.42,-17.25,-17.14,-17.05,-16.98,-16.95,-16.92,-16.87,-16.78,-16.67,-16.51,-16.23,-15.88,-15.42,-14.83,-14.12,-13.28,-12.3,-11.23,-10.06,,,,,,,,,,
bn-pyd-bn_l,c1ccc2nc3ccccc3cc2c1,0.1,-10.04,-11.2,-12.26,-13.22,-14.07,-14.76,-15.35,-15.79,-16.15,-16.42,-16.59,-16.71,-16.79,-16.83,-16.88,-16.91,-16.96,-17.02,-17.14,-17.27,-17.44,-17.64,-17.89,-18.16,-18.5,-18.78,-19.06,-19.29,-19.52,-19.71,-19.9,-20.05,-20.17,-20.28,-20.34,-20.38,-20.39,-20.39,-20.38,-20.34,-20.28,-20.17,-20.05,-19.9,-19.71,-19.52,-19.29,-19.06,-18.78,-18.5,-18.16,-17.89,-17.64,-17.44,-17.27,-17.14,-17.02,-16.96,-16.91,-16.88,-16.83,-16.79,-16.71,-16.59,-16.42,-16.15,-15.79,-15.35,-14.76,-14.07,-13.22,-12.26,-11.2,-10.04,,,,,,,
pyd-bn-bn_a,c1ccc2c(c1)ccc1ncccc12,0.1,-11.66,-12.63,-13.49,-14.22,-14.82,-15.3,-15.66,-15.93,-16.12,-16.24,-16.29,-16.32,-16.31,-16.27,-16.23,-16.17,-16.09,-16.01,-15.91,-15.78,-15.65,-15.52,-15.31,-15.15,-15,-14.86,-14.74,-14.64,-14.57,-14.52,-14.48,-14.48,-14.44,-14.41,-14.46,-14.51,-14.57,-14.65,-14.75,-14.9,-15.07,-15.3,-15.53,-15.77,-16.05,-16.31,-16.61,-16.84,-17.05,-17.25,-17.41,-17.56,-17.7,-17.82,-17.92,-17.99,-18.03,-18.03,-18,-17.89,-17.7,-17.44,-17.07,-16.6,-15.99,-15.22,-14.33,-13.32,-12.19,-10.96,,,,,,,,,,,
bn-pyd-bn_a,c1ccc2c(c1)cnc1ccccc12,0.1,-10.81,-12,-13.11,-14.11,-14.96,-15.69,-16.28,-16.76,-17.12,-17.36,-17.55,-17.64,-17.7,-17.68,-17.64,-17.55,-17.45,-17.31,-17.14,-16.97,-16.76,-16.52,-16.27,-15.98,-15.63,-15.32,-15.01,-14.72,-14.46,-14.24,-14.04,-13.9,-13.79,-13.73,-13.69,-13.68,-13.68,-13.66,-13.66,-13.73,-13.8,-13.87,-13.98,-14.09,-14.27,-14.45,-14.65,-14.9,-15.16,-15.44,-15.82,-16.09,-16.35,-16.56,-16.76,-16.95,-17.12,-17.26,-17.38,-17.47,-17.55,-17.61,-17.62,-17.57,-17.47,-17.32,-17.07,-16.71,-16.26,-15.67,-14.96,-14.11,-13.12,-12.04,,,,,,,
pyd-bn-pyd_l,c1cnc2cc3ncccc3cc2c1,0.1,-9.57,-10.64,-11.65,-12.51,-13.28,-13.91,-14.43,-14.83,-15.14,-15.36,-15.51,-15.6,-15.66,-15.73,-15.81,-15.9,-16.02,-16.17,-16.38,-16.65,-16.95,-17.31,-17.71,-18.13,-18.52,-18.97,-19.39,-19.79,-20.18,-20.5,-20.8,-21.07,-21.27,-21.44,-21.55,-21.64,-21.64,-21.55,-21.44,-21.27,-21.07,-20.8,-20.5,-20.18,-19.79,-19.39,-18.97,-18.52,-18.13,-17.71,-17.31,-16.95,-16.65,-16.38,-16.17,-16.02,-15.9,-15.81,-15.73,-15.66,-15.6,-15.51,-15.36,-15.14,-14.83,-14.43,-13.91,-13.28,-12.51,-11.65,-10.64,-9.57,,,,,,,,,
pyd-bn-pyd_a,c1cnc2ccc3ncccc3c2c1,0.1,-10.46,-11.6,-12.64,-13.58,-14.4,-15.06,-15.62,-16.05,-16.38,-16.6,-16.76,-16.85,-16.88,-16.91,-16.91,-16.88,-16.81,-16.75,-16.66,-16.59,-16.48,-16.38,-16.24,-16.08,-15.95,-15.79,-15.6,-15.43,-15.28,-15.13,-15.03,-14.93,-14.88,-14.83,-14.82,-14.79,-14.75,-14.75,-14.79,-14.82,-14.83,-14.88,-14.93,-15.03,-15.13,-15.28,-15.43,-15.6,-15.79,-15.95,-16.08,-16.24,-16.38,-16.48,-16.59,-16.66,-16.75,-16.81,-16.88,-16.91,-16.91,-16.88,-16.85,-16.76,-16.6,-16.38,-16.05,-15.62,-15.06,-14.4,-13.58,-12.64,-11.6,-10.46,,,,,,,
bn-pyd-pyd_l,c1ccc2nc3ncccc3cc2c1,0.1,-10.08,-11.23,-12.31,-13.26,-14.12,-14.82,-15.41,-15.88,-16.24,-16.5,-16.68,-16.79,-16.87,-16.92,-16.95,-16.98,-17.02,-17.1,-17.17,-17.32,-17.49,-17.7,-17.91,-18.18,-18.53,-18.53,-18.78,-19.03,-19.28,-19.51,-19.71,-19.88,-20.03,-20.16,-20.24,-20.32,-20.35,-20.35,-20.35,-20.3,-20.22,-20.1,-19.94,-19.74,-19.54,-19.28,-19.01,-18.69,-18.37,-18.09,-18.09,-18.09,-17.74,-17.4,-17.09,-16.79,-16.54,-16.31,-16.15,-16.02,-15.94,-15.86,-15.79,-15.73,-15.64,-15.51,-15.33,-15.08,-14.73,-14.28,-13.73,-13.03,-12.23,-11.29,-10.26,-9.18,,,,,
bn-pyd-pyd_a,c1ccc2c(c1)cnc1ncccc12,0.1,-13.14,-14.13,-15,-15.72,-16.33,-16.81,-17.16,-17.42,-17.56,-17.68,-17.72,-17.71,-17.66,-17.58,-17.5,-17.38,-17.25,-17.1,-16.91,-16.7,-16.48,-16.23,-15.92,-15.63,-15.63,-15.36,-15.1,-14.83,-14.6,-14.39,-14.22,-14.1,-13.99,-13.91,-13.83,-13.74,-13.75,-13.75,-13.78,-13.8,-13.85,-13.93,-14.06,-14.22,-14.4,-14.62,-14.86,-15.1,-15.34,-15.34,-15.58,-15.58,-15.78,-15.99,-16.16,-16.31,-16.46,-16.56,-16.66,-16.73,-16.77,-16.79,-16.79,-16.71,-16.71,-16.62,-16.44,-16.18,-15.81,-15.36,-14.76,-14.05,-13.21,-12.23,-11.16,-10.02,,,,,
pyz-bn-bn_l,c1ccc2cc3nccnc3cc2c1,0.1,-10.54,-11.45,-12.27,-12.95,-13.52,-13.98,-14.32,-14.56,-14.75,-14.89,-14.99,-15.14,-15.23,-15.38,-15.57,-15.8,-16.08,-16.43,-16.81,-17.25,-17.73,-18.22,-18.78,-19.25,-19.69,-20.1,-20.45,-20.78,-21.06,-21.28,-21.45,-21.57,-21.64,-21.69,-21.66,-21.58,-21.48,-21.33,-21.14,-20.91,-20.65,-20.37,-20.03,-19.7,-19.35,-18.98,-18.53,-18.21,-17.88,-17.64,-17.42,-17.25,-17.14,-17.05,-16.98,-16.95,-16.92,-16.87,-16.78,-16.67,-16.51,-16.23,-15.88,-15.42,-14.83,-14.12,-13.28,-12.3,-11.23,-10.06,,,,,,,,,,,
bn-pyz-bn_l,c1ccc2nc3ccccc3nc2c1,0.1,-10,-11.15,-12.22,-13.19,-14.03,-14.74,-15.33,-15.81,-16.16,-16.43,-16.62,-16.74,-16.81,-16.87,-16.9,-16.95,-16.99,-17.07,-17.15,-17.28,-17.43,-17.63,-17.85,-18.1,-18.4,-18.67,-18.88,-19.11,-19.32,-19.5,-19.65,-19.78,-19.87,-19.95,-20.01,-20.01,-19.95,-19.87,-19.78,-19.65,-19.5,-19.32,-19.11,-18.88,-18.67,-18.4,-18.1,-17.85,-17.63,-17.43,-17.28,-17.15,-17.07,-16.99,-16.95,-16.9,-16.87,-16.81,-16.74,-16.62,-16.43,-16.16,-15.81,-15.33,-14.74,-14.03,-13.19,-12.22,-11.15,-10,,,,,,,,,,,
pyz-bn-bn_a,c1ccc2c(c1)ccc1nccnc12,0.1,-11.66,-12.63,-13.49,-14.22,-14.82,-15.3,-15.66,-15.93,-16.12,-16.24,-16.29,-16.32,-16.31,-16.27,-16.23,-16.17,-16.09,-16.01,-15.91,-15.78,-15.65,-15.52,-15.31,-15.15,-15,-14.86,-14.74,-14.64,-14.57,-14.52,-14.48,-14.48,-14.44,-14.41,-14.46,-14.51,-14.57,-14.65,-14.75,-14.9,-15.07,-15.3,-15.53,-15.77,-16.05,-16.31,-16.61,-16.84,-17.05,-17.25,-17.41,-17.56,-17.7,-17.82,-17.92,-17.99,-18.03,-18.03,-18,-17.89,-17.7,-17.44,-17.07,-16.6,-15.99,-15.22,-14.33,-13.32,-12.19,-10.96,,,,,,,,,,,
pyz-bn-pyz_l,c1cnc2cc3nccnc3cc2n1,0.1,-9.27,-10.3,-11.24,-12.09,-12.84,-13.44,-13.94,-14.31,-14.59,-14.8,-14.95,-15.2,-15.29,-15.41,-15.58,-15.78,-16.03,-16.36,-16.72,-17.14,-17.58,-18.07,-18.32,-18.79,-19.27,-19.71,-20.13,-20.49,-20.83,-21.09,-21.33,-21.49,-21.63,-21.71,-21.71,-21.63,-21.49,-21.33,-21.09,-20.83,-20.49,-20.13,-19.71,-19.27,-18.79,-18.32,-18.07,-17.58,-17.14,-16.72,-16.36,-16.03,-15.78,-15.58,-15.41,-15.29,-15.2,-14.95,-14.8,-14.59,-14.31,-13.94,-13.44,-12.84,-12.09,-11.24,-10.3,-9.27,,,,,,,,,,,,,
pyz-bn-pyz_a,c1cnc2c(ccc3nccnc32)n1,0.1,-10.34,-11.46,-12.5,-13.42,-14.22,-14.89,-15.43,-15.84,-16.15,-16.37,-16.51,-16.51,-16.61,-16.67,-16.65,-16.64,-16.61,-16.55,-16.49,-16.44,-16.35,-16.26,-16.13,-16.13,-15.94,-15.8,-15.64,-15.49,-15.34,-15.2,-15.08,-15.01,-14.92,-14.88,-14.84,-14.8,-14.8,-14.8,-14.8,-14.84,-14.88,-14.92,-15.01,-15.08,-15.2,-15.34,-15.49,-15.64,-15.8,-15.94,-16.13,-16.13,-16.26,-16.35,-16.44,-16.49,-16.55,-16.61,-16.64,-16.65,-16.67,-16.61,-16.51,-16.51,-16.37,-16.15,-15.84,-15.43,-14.89,-14.22,-13.42,-12.5,-11.46,-10.34,,,,,,,
pyz-pyz-bn_l,c1ccc2nc3nccnc3nc2c1,0.1,-10.58,-11.55,-12.38,-13.1,-13.72,-14.2,-14.57,-14.84,-15.06,-15.23,-15.32,-15.45,-15.56,-15.66,-15.82,-15.99,-16.2,-16.48,-16.79,-17.11,-17.46,-17.82,-18.3,-18.62,-18.92,-19.17,-19.41,-19.61,-19.75,-19.87,-19.96,-20.02,-20.03,-20.01,-19.98,-19.89,-19.77,-19.64,-19.5,-19.31,-19.11,-18.88,-18.64,-18.41,-18.1,-17.86,-17.64,-17.45,-17.3,-17.17,-17.09,-17.03,-16.98,-16.94,-16.92,-16.85,-16.77,-16.65,-16.45,-16.18,-15.81,-15.34,-14.73,-14.03,-13.17,-12.19,-11.11,-9.95,,,,,,,,,,,,,
bn-bn-pyla_l,c1ccc2cc3[nH]ccc3cc2c1,0.1,-10.49,-11.64,-12.73,-13.68,-14.53,-15.24,-15.82,-16.27,-16.6,-16.85,-17.04,-17.14,-17.22,-17.27,-17.28,-17.3,-17.33,-17.41,-17.48,-17.59,-17.75,-17.92,-18.14,-18.35,-18.66,-18.89,-19.13,-19.36,-19.55,-19.75,-19.92,-20.08,-20.2,-20.31,-20.39,-20.44,-20.43,-20.41,-20.32,-20.18,-19.98,-19.74,-19.43,-19.04,-18.63,-18.14,-17.6,-17.06,-16.48,-15.91,-15.37,-14.87,-14.41,-14.03,-13.72,-13.46,-13.27,-13.11,-13.01,-13.01,-12.88,-12.73,-12.53,-12.25,-11.95,-11.54,-11.04,-10.42,-9.73,-8.91,-6.84,,,,,,,,,,
bn-pyla-bn,c1ccc2c(c1)[nH]c1ccccc12,0.1,-11.11,-12.26,-13.33,-14.27,-15.06,-15.73,-16.28,-16.72,-17.03,-17.25,-17.39,-17.47,-17.5,-17.47,-17.39,-17.28,-17.15,-16.95,-16.76,-16.5,-16.18,-15.86,-15.47,-15.06,-14.62,-14.17,-13.73,-13.32,-12.94,-12.63,-12.36,-12.14,-12.01,-11.92,-11.87,-11.87,-11.92,-12.01,-12.14,-12.36,-12.63,-12.94,-13.32,-13.73,-14.17,-14.62,-15.06,-15.47,-15.86,-16.18,-16.5,-16.76,-16.95,-17.15,-17.28,-17.39,-17.47,-17.5,-17.47,-17.39,-17.25,-17.03,-16.72,-16.28,-15.73,-15.06,-14.27,-13.33,-12.26,-11.11,,,,,,,,,,,
bn-bn-pyla_a,c1ccc2c(c1)ccc1[nH]ccc12,0.1,-10.67,-11.88,-12.95,-13.91,-14.76,-15.46,-16.02,-16.49,-16.84,-17.1,-17.27,-17.37,-17.45,-17.48,-17.46,-17.44,-17.4,-17.37,-17.31,-17.26,-17.23,-17.16,-17.11,-17.03,-16.93,-16.85,-16.77,-16.7,-16.62,-16.56,-16.53,-16.5,-16.52,-16.52,-16.53,-16.54,-16.51,-16.51,-16.47,-16.42,-16.36,-16.28,-16.19,-16.09,-15.98,-15.85,-15.71,-15.56,-15.38,-15.19,-14.99,-14.81,-14.63,-14.48,-14.35,-14.24,-14.14,-14.07,-14.01,-14.01,-13.9,-13.75,-13.53,-13.26,-12.9,-12.44,-11.85,-11.19,-10.38,-9.48,,,,,,,,,,,
bn-bn-pylb_l,c1ccc2cc3c[nH]cc3cc2c1,0.1,-8.37,-9.29,-10.13,-10.88,-11.52,-12.06,-12.48,-12.82,-13.08,-13.27,-13.39,-13.49,-13.57,-13.62,-13.68,-13.74,-13.85,-13.96,-14.15,-14.35,-14.63,-14.93,-15.27,-15.66,-16.19,-16.59,-17.01,-17.4,-17.76,-18.1,-18.41,-18.69,-18.91,-19.13,-19.29,-19.43,-19.57,-19.63,-19.67,-19.69,-19.7,-19.67,-19.63,-19.58,-19.55,-19.52,-19.48,-19.46,-19.44,-19.43,-19.46,-19.5,-19.55,-19.6,-19.66,-19.72,-19.76,-19.75,-19.74,-19.62,-19.43,-19.13,-18.69,-18.11,-17.39,-16.48,-15.45,-14.28,-12.99,,,,,,,,,,,,
bn-bn-pylb_a,c1ccc2c(c1)ccc1c[nH]cc12,0.1,-11.75,-12.77,-13.66,-14.43,-15.1,-15.61,-16.05,-16.36,-16.59,-16.73,-16.82,-16.84,-16.85,-16.78,-16.69,-16.56,-16.38,-16.18,-15.93,-15.66,-15.33,-14.97,-14.6,-14.17,-13.55,-13.13,-12.75,-12.4,-12.1,-11.86,-11.64,-11.5,-11.41,-11.33,-11.28,-11.26,-11.31,-11.37,-11.47,-11.6,-11.75,-11.98,-12.24,-12.55,-12.9,-13.28,-13.68,-14.08,-14.29,-14.66,-15.03,-15.34,-15.63,-15.87,-16.04,-16.18,-16.26,-16.28,-16.18,-16,-15.72,-15.35,-14.84,-14.19,-13.45,-12.58,-11.6,-10.53,-9.4,,,,,,,,,,,,
pyla-bn-pyla_a,c1cc2ccc3cc[nH]c3c2[nH]1,0.1,-9.54,-10.36,-11.05,-11.64,-12.15,-12.55,-12.84,-13.12,-13.3,-13.46,-13.46,-13.54,-13.54,-13.63,-13.77,-13.92,-14.1,-14.32,-14.57,-14.83,-15.12,-15.42,-15.61,-15.88,-16.15,-16.38,-16.59,-16.78,-16.95,-17.08,-17.21,-17.3,-17.38,-17.45,-17.45,-17.38,-17.3,-17.21,-17.08,-16.95,-16.78,-16.59,-16.38,-16.15,-15.88,-15.61,-15.42,-15.12,-14.83,-14.57,-14.32,-14.1,-13.92,-13.77,-13.63,-13.54,-13.54,-13.46,-13.46,-13.3,-13.12,-12.84,-12.55,-12.15,-11.64,-11.05,-10.36,-9.54,,,,,,,,,,,,,
pyla-bn-pyla_l,c1cc2cc3cc[nH]c3cc2[nH]1,0.1,-9.42,-10.22,-10.9,-11.47,-11.94,-12.31,-12.63,-12.84,-13.02,-13.15,-13.24,-13.24,-13.38,-13.54,-13.74,-14,-14.29,-14.64,-15.06,-15.51,-15.98,-16.32,-16.8,-17.25,-17.66,-18.06,-18.37,-18.68,-18.9,-19.1,-19.23,-19.34,-19.4,-19.41,-19.41,-19.4,-19.34,-19.23,-19.1,-18.9,-18.68,-18.37,-18.06,-17.66,-17.25,-16.8,-16.32,-15.98,-15.51,-15.06,-14.64,-14.29,-14,-13.74,-13.54,-13.38,-13.24,-13.24,-13.15,-13.02,-12.84,-12.63,-12.31,-11.94,-11.47,-10.9,-10.22,-9.42,,,,,,,,,,,,,
bn-pyla-pyla,c1ccc2c(c1)[nH]c1[nH]ccc12,0.1,-11.3,-12.46,-13.5,-14.45,-15.25,-15.92,-16.45,-16.84,-17.16,-17.38,-17.52,-17.59,-17.62,-17.59,-17.53,-17.41,-17.26,-17.06,-16.82,-16.56,-16.22,-15.84,-15.43,-14.96,-14.96,-14.5,-14.02,-13.54,-13.11,-12.73,-12.39,-12.13,-11.92,-11.78,-11.7,-11.7,-11.65,-11.65,-11.69,-11.77,-11.85,-11.99,-12.12,-12.27,-12.42,-12.55,-12.61,-12.68,-12.73,-12.73,-12.72,-12.7,-12.66,-12.64,-12.6,-12.56,-12.53,-12.53,-12.48,-12.38,-12.24,-12.03,-11.78,-11.45,-11,-10.46,-9.8,-9.02,,,,,,,,,,,,,
pyla-bn-pylb_l,c1cc2cc3c[nH]cc3cc2[nH]1,0.1,-8.07,-8.68,-9.19,-9.62,-9.93,-10.2,-10.42,-10.56,-10.69,-10.8,-10.86,-10.99,-11.16,-11.38,-11.65,-11.95,-12.34,-12.79,-13.24,-13.76,-14.12,-14.63,-15.13,-15.58,-16,-16.36,-16.69,-16.94,-17.15,-17.33,-17.46,-17.56,-17.63,-17.69,-17.73,-17.74,-17.76,-17.78,-17.8,-17.83,-17.87,-17.93,-17.97,-18.05,-18.12,-18.2,-18.29,-18.39,-18.46,-18.57,-18.64,-18.7,-18.73,-18.73,-18.73,-18.63,-18.45,-18.17,-17.77,-17.23,-16.56,-15.76,-14.79,-13.71,-12.52,,,,,,,,,,,,,,,,
pyla-bn-pylb_a,c1cc2ccc3c[nH]cc3c2[nH]1,0.1,-9.57,-10.38,-11.05,-11.62,-12.1,-12.46,-12.76,-12.95,-13.14,-13.21,-13.25,-13.32,-13.39,-13.43,-13.47,-13.52,-13.58,-13.62,-13.64,-13.65,-13.63,-13.6,-13.56,-13.49,-13.4,-13.33,-13.25,-13.2,-13.16,-13.13,-13.14,-13.13,-13.14,-13.18,-13.22,-13.27,-13.36,-13.45,-13.6,-13.76,-13.97,-14.2,-14.47,-14.73,-15.08,-15.38,-15.64,-15.88,-16.09,-16.25,-16.41,-16.52,-16.6,-16.6,-16.59,-16.59,-16.59,-16.51,-16.36,-16.1,-15.77,-15.3,-14.73,-14.02,-13.19,-12.24,,,,,,,,,,,,,,,
bn-bn-fura_l,c1ccc2cc3occc3cc2c1,0.1,-10.67,-11.86,-12.97,-13.95,-14.81,-15.54,-16.14,-16.6,-16.96,-17.2,-17.39,-17.51,-17.6,-17.62,-17.63,-17.65,-17.66,-17.68,-17.73,-17.79,-17.87,-18.01,-18.12,-18.27,-18.46,-18.62,-18.76,-18.91,-19.02,-19.15,-19.27,-19.37,-19.45,-19.52,-19.56,-19.59,-19.57,-19.5,-19.38,-19.22,-18.95,-18.65,-18.27,-17.79,-17.23,-16.6,-15.91,-15.16,-14.46,-13.67,-12.92,-12.2,-11.54,-10.97,-10.49,-10.11,-9.82,-9.58,-9.46,-9.31,-9.19,-9.04,-8.89,-8.68,-8.42,-8.07,-7.67,-7.16,-6.58,,,,,,,,,,,,
bn-fura-bn,c1ccc2c(c1)oc1ccccc12,0.1,-10.83,-11.95,-12.98,-13.88,-14.66,-15.32,-15.85,-16.27,-16.56,-16.78,-16.91,-16.97,-16.97,-16.94,-16.85,-16.71,-16.52,-16.27,-15.97,-15.61,-15.17,-14.67,-14.1,-13.5,-12.91,-12.26,-11.6,-10.98,-10.42,-9.91,-9.51,-9.21,-8.98,-8.86,-8.79,-8.79,-8.86,-8.98,-9.21,-9.51,-9.91,-10.42,-10.98,-11.6,-12.26,-12.91,-13.5,-14.1,-14.67,-15.17,-15.61,-15.97,-16.27,-16.52,-16.71,-16.85,-16.94,-16.97,-16.97,-16.91,-16.78,-16.56,-16.27,-15.85,-15.32,-14.66,-13.88,-12.98,-11.95,-10.83,,,,,,,,,,,
fura-bn-bn_a,c1ccc2c(c1)ccc1occc12,0.1,-7.87,-8.49,-9.01,-9.42,-9.76,-10.01,-10.22,-10.4,-10.54,-10.66,-10.73,-10.87,-11.07,-11.32,-11.59,-11.94,-12.34,-12.76,-13.23,-13.69,-13.92,-14.38,-14.8,-15.16,-15.51,-15.79,-16.05,-16.28,-16.46,-16.62,-16.72,-16.81,-16.84,-16.87,-16.9,-16.89,-16.89,-16.89,-16.93,-16.97,-17.02,-17.09,-17.18,-17.26,-17.37,-17.44,-17.52,-17.59,-17.66,-17.7,-17.76,-17.8,-17.84,-17.88,-17.9,-17.93,-17.9,-17.84,-17.73,-17.55,-17.27,-16.93,-16.45,-15.86,-15.14,-14.27,-13.26,-12.15,,,,,,,,,,,,,
bn-bn-furb_l,c1ccc2cc3cocc3cc2c1,0.1,-7.02,-7.75,-8.42,-9.01,-9.51,-9.94,-10.27,-10.51,-10.72,-10.86,-10.98,-11.05,-11.12,-11.18,-11.23,-11.31,-11.4,-11.5,-11.69,-11.86,-12.09,-12.33,-12.62,-12.93,-13.4,-13.71,-14.05,-14.35,-14.65,-14.92,-15.21,-15.46,-15.67,-15.87,-16.05,-16.21,-16.34,-16.45,-16.54,-16.63,-16.7,-16.74,-16.77,-16.81,-16.85,-16.87,-16.94,-16.98,-17.06,-17.12,-17.21,-17.32,-17.43,-17.55,-17.68,-17.8,-17.91,-17.98,-18,-17.99,-17.86,-17.64,-17.31,-16.8,-16.16,-15.34,-14.38,-13.3,-12.09,-10.82,-9.49,,,,,,,,,,
bn-bn-furb_a,c1ccc2c(c1)ccc1cocc12,0.1,-11.49,-12.46,-13.35,-14.11,-14.74,-15.24,-15.66,-15.95,-16.17,-16.33,-16.41,-16.43,-16.4,-16.32,-16.21,-16.04,-15.82,-15.54,-15.21,-14.82,-14.4,-13.88,-13.33,-12.76,-12.43,-11.84,-11.23,-10.68,-10.17,-9.72,-9.35,-9.05,-8.79,-8.62,-8.51,-8.42,-8.38,-8.43,-8.51,-8.59,-8.74,-8.91,-9.14,-9.41,-9.72,-10.08,-10.45,-10.84,-11.22,-11.79,-12.14,-12.46,-12.74,-12.99,-13.18,-13.34,-13.45,-13.5,-13.51,-13.46,-13.32,-13.11,-12.8,-12.36,-11.83,-11.19,-10.44,-9.61,-8.71,-7.75,,,,,,,,,,,
fura-bn-fura_a,c1cc2ccc3ccoc3c2o1,0.1,-5.65,-6.09,-6.43,-6.65,-6.78,-6.84,-6.85,-6.8,-6.76,-6.73,-6.72,-6.76,-6.87,-7.05,-7.33,-7.67,-8.11,-8.63,-9.18,-9.78,-10.1,-10.73,-11.33,-11.9,-12.47,-12.99,-13.51,-13.96,-14.42,-14.82,-15.21,-15.54,-15.54,-15.21,-14.82,-14.42,-13.96,-13.51,-12.99,-12.47,-11.9,-11.33,-10.73,-10.1,-9.78,-9.18,-8.63,-8.11,-7.67,-7.33,-7.05,-6.87,-6.76,-6.72,-6.73,-6.76,-6.8,-6.85,-6.84,-6.78,-6.65,-6.43,-6.09,-5.65,,,,,,,,,,,,,,,,,
fura-bn-fura_l,c1cc2cc3ccoc3cc2o1,0.1,-6.13,-6.83,-7.48,-8.04,-8.52,-8.92,-9.25,-9.49,-9.68,-9.85,-9.98,-10.2,-10.38,-10.62,-10.94,-11.32,-11.78,-12.34,-12.92,-13.56,-14.22,-14.59,-15.24,-15.85,-16.39,-16.91,-17.33,-17.68,-17.98,-18.2,-18.36,-18.48,-18.55,-18.56,-18.56,-18.55,-18.48,-18.36,-18.2,-17.98,-17.68,-17.33,-16.91,-16.39,-15.85,-15.24,-14.59,-14.22,-13.56,-12.92,-12.34,-11.78,-11.32,-10.94,-10.62,-10.38,-10.2,-9.98,-9.85,-9.68,-9.49,-9.25,-8.92,-8.52,-8.04,-7.48,-6.83,-6.13,,,,,,,,,,,,,
bn-fura-fura,c1ccc2c(c1)oc1occc12,0.1,-11.08,-12.2,-13.25,-14.16,-14.96,-15.6,-16.14,-16.55,-16.85,-17.07,-17.2,-17.27,-17.29,-17.25,-17.15,-17.01,-16.8,-16.56,-16.23,-15.87,-15.43,-14.92,-14.34,-13.71,-13.1,-13.1,-12.44,-11.78,-11.16,-10.59,-10.11,-9.69,-9.38,-9.17,-9.02,-8.98,-8.96,-8.99,-9.06,-9.18,-9.34,-9.52,-9.67,-9.83,-9.97,-9.97,-10.04,-10.04,-10.06,-10.02,-9.96,-9.88,-9.8,-9.71,-9.65,-9.56,-9.51,-9.47,-9.39,-9.39,-9.29,-9.16,-8.97,-8.69,-8.32,-7.87,-7.31,,,,,,,,,,,,,,
fura-bn-furb_l,c1cc2cc3cocc3cc2o1,0.1,-5.84,-6.15,-6.36,-6.5,-6.58,-6.61,-6.63,-6.63,-6.66,-6.7,-6.73,-6.85,-7.04,-7.27,-7.57,-7.94,-8.37,-8.83,-9.35,-9.87,-10.18,-10.67,-11.16,-11.6,-12,-12.33,-12.6,-12.83,-13.02,-13.16,-13.29,-13.38,-13.45,-13.52,-13.6,-13.67,-13.74,-13.83,-13.92,-14.04,-14.19,-14.35,-14.52,-14.71,-14.89,-15.08,-15.27,-15.45,-15.61,-15.8,-15.93,-16.07,-16.18,-16.25,-16.26,-16.24,-16.13,-15.94,-15.62,-15.18,-14.62,-13.91,-13.07,-12.11,-11.05,-9.92,-8.76,,,,,,,,,,,,,,
fura-bn-furb_a,c1cc2ccc3cocc3c2o1,0.1,-7.84,-8.41,-8.87,-9.25,-9.51,-9.73,-9.9,-10,-10.08,-10.15,-10.16,-10.26,-10.36,-10.45,-10.57,-10.7,-10.84,-10.98,-11.08,-11.16,-11.18,-11.21,-11.19,-11.13,-11.08,-10.99,-10.93,-10.86,-10.81,-10.77,-10.76,-10.74,-10.75,-10.82,-10.89,-10.94,-11.05,-11.17,-11.33,-11.5,-11.72,-11.97,-12.23,-12.51,-12.86,-13.11,-13.38,-13.62,-13.84,-14.01,-14.17,-14.29,-14.37,-14.42,-14.42,-14.38,-14.27,-14.09,-13.81,-13.43,-12.92,-12.29,-11.57,-10.75,-9.82,-8.82,-7.8,,,,,,,,,,,,,,
bn-bn-thia_l,c1ccc2cc3sccc3cc2c1,0.1,-11.77,-12.87,-13.86,-14.7,-15.43,-15.99,-16.45,-16.8,-17.06,-17.22,-17.34,-17.41,-17.44,-17.46,-17.48,-17.5,-17.51,-17.57,-17.66,-17.77,-17.91,-18.05,-18.21,-18.39,-18.59,-18.73,-18.89,-19.02,-19.15,-19.27,-19.38,-19.46,-19.51,-19.56,-19.56,-19.51,-19.45,-19.35,-19.16,-18.93,-18.64,-18.27,-17.86,-17.35,-16.77,-16.13,-15.46,-14.76,-14.35,-13.64,-12.97,-12.34,-11.78,-11.32,-10.93,-10.62,-10.42,-10.27,-10.14,-10.07,-9.96,-9.81,-9.68,-9.5,-9.3,-9.04,-8.72,-8.31,-7.83,-7.24,,,,,,,,,,,
bn-thia-bn,c1ccc2c(c1)sc1ccccc12,0.1,-10.55,-11.64,-12.66,-13.54,-14.29,-14.92,-15.42,-15.82,-16.11,-16.31,-16.45,-16.5,-16.52,-16.45,-16.36,-16.22,-16.05,-15.82,-15.55,-15.21,-14.85,-14.41,-13.92,-13.39,-12.78,-12.19,-11.63,-11.06,-10.54,-10.08,-9.71,-9.42,-9.2,-9.06,-8.99,-8.98,-8.98,-8.99,-9.06,-9.2,-9.42,-9.71,-10.08,-10.54,-11.06,-11.63,-12.19,-12.78,-13.39,-13.92,-14.41,-14.85,-15.21,-15.55,-15.82,-16.05,-16.22,-16.36,-16.45,-16.52,-16.5,-16.45,-16.31,-16.11,-15.82,-15.42,-14.92,-14.29,-13.54,-12.66,-11.64,-10.55,,,,,,,,,
thia-bn-bn_a,C1=S=c2ccc3ccccc3c2=C1,0.1,-8.25,-8.98,-9.62,-10.14,-10.6,-10.96,-11.24,-11.48,-11.69,-11.85,-12.03,-12.1,-12.17,-12.3,-12.43,-12.64,-12.85,-13.15,-13.45,-13.76,-14.07,-14.22,-14.52,-14.77,-15,-15.21,-15.4,-15.57,-15.7,-15.83,-15.95,-16.04,-16.13,-16.16,-16.2,-16.22,-16.21,-16.23,-16.26,-16.31,-16.39,-16.46,-16.55,-16.69,-16.8,-16.96,-17.06,-17.18,-17.27,-17.36,-17.44,-17.51,-17.58,-17.64,-17.68,-17.73,-17.75,-17.72,-17.67,-17.55,-17.38,-17.13,-16.78,-16.28,-15.72,-14.99,-14.14,-13.15,,,,,,,,,,,,,
bn-bn-thib_l,c1ccc2cc3cscc3cc2c1,0.1,-7.61,-8.44,-9.18,-9.86,-10.42,-10.91,-11.28,-11.58,-11.8,-11.96,-12.07,-12.16,-12.22,-12.28,-12.35,-12.4,-12.49,-12.63,-12.8,-12.99,-13.25,-13.53,-13.85,-14.2,-14.69,-15.06,-15.41,-15.76,-16.11,-16.42,-16.7,-16.96,-17.19,-17.39,-17.55,-17.68,-17.82,-17.9,-17.96,-18.02,-18.05,-18.08,-18.07,-18.09,-18.1,-18.14,-18.18,-18.22,-18.29,-18.36,-18.46,-18.59,-18.73,-18.88,-19.06,-19.25,-19.43,-19.61,-19.78,-19.9,-19.97,-19.98,-19.89,-19.71,-19.43,-19.01,-18.47,-17.78,-16.96,-15.99,-14.88,-13.67,-12.36,-10.97,,,,,,,
bn-bn-thib_a,c1ccc2c(c1)ccc1cscc12,0.1,-11.51,-12.5,-13.36,-14.12,-14.76,-15.27,-15.67,-15.99,-16.19,-16.34,-16.41,-16.47,-16.43,-16.35,-16.24,-16.08,-15.89,-15.65,-15.33,-14.99,-14.59,-14.15,-13.67,-13.13,-12.32,-11.8,-11.3,-10.83,-10.42,-10.08,-9.81,-9.58,-9.44,-9.32,-9.24,-9.19,-9.26,-9.34,-9.44,-9.61,-9.82,-10.07,-10.38,-10.75,-11.13,-11.58,-12.03,-12.5,-12.97,-13.4,-13.8,-14.18,-14.51,-14.81,-15.08,-15.3,-15.5,-15.64,-15.72,-15.81,-15.85,-15.84,-15.76,-15.63,-15.41,-15.1,-14.7,-14.18,-13.56,-12.82,-11.98,-11.03,-10,,,,,,,,
thia-bn-thia_a,c1cc2ccc3ccsc3c2s1,0.1,-8.98,-9.45,-9.82,-10.12,-10.37,-10.57,-10.74,-10.89,-11.04,-11.1,-11.2,-11.35,-11.53,-11.73,-12.04,-12.38,-12.77,-13.19,-13.63,-14.08,-14.32,-14.72,-15.12,-15.46,-15.77,-16.05,-16.29,-16.48,-16.67,-16.8,-16.93,-17,-17,-16.93,-16.8,-16.67,-16.48,-16.29,-16.05,-15.77,-15.46,-15.12,-14.72,-14.32,-14.08,-13.63,-13.19,-12.77,-12.38,-12.04,-11.73,-11.53,-11.35,-11.2,-11.1,-11.04,-10.89,-10.74,-10.57,-10.37,-10.12,-9.82,-9.45,-8.98,,,,,,,,,,,,,,,,,
thia-bn-thia_l,c1cc2cc3ccsc3cc2s1,0.1,-7.75,-8.39,-8.93,-9.38,-9.75,-10.04,-10.28,-10.47,-10.6,-10.74,-11.17,-11.37,-11.63,-11.95,-12.34,-12.81,-13.34,-13.9,-14.47,-14.8,-15.36,-15.89,-16.38,-16.82,-17.19,-17.5,-17.79,-17.98,-18.15,-18.26,-18.33,-18.34,-18.34,-18.33,-18.26,-18.15,-17.98,-17.79,-17.5,-17.19,-16.82,-16.38,-15.89,-15.36,-14.8,-14.47,-13.9,-13.34,-12.81,-12.34,-11.95,-11.63,-11.37,-11.17,-10.74,-10.6,-10.47,-10.28,-10.04,-9.75,-9.38,-8.93,-8.39,-7.75,,,,,,,,,,,,,,,,,
bn-thia-thia,c1ccc2c(c1)sc1sccc12,0.1,-10.73,-11.83,-12.86,-13.75,-14.54,-15.17,-15.7,-16.09,-16.39,-16.6,-16.72,-16.79,-16.79,-16.74,-16.65,-16.52,-16.34,-16.13,-15.87,-15.54,-15.16,-14.75,-14.27,-13.74,-13.16,-12.59,-12.02,-11.48,-10.98,-10.55,-10.17,-9.89,-9.68,-9.54,-9.46,-9.42,-9.4,-9.41,-9.47,-9.56,-9.71,-9.88,-10.09,-10.28,-10.49,-10.73,-10.87,-10.94,-10.99,-10.98,-11,-10.97,-10.95,-10.95,-10.95,-10.95,-10.9,-10.81,-10.71,-10.56,-10.36,-10.13,-9.82,-9.41,-8.9,,,,,,,,,,,,,,,,
thia-bn-thib_l,c1cc2cc3cscc3cc2s1,0.1,-5.88,-6.25,-6.54,-6.74,-6.89,-6.98,-7.02,-7.09,-7.11,-7.18,-7.24,-7.27,-7.38,-7.51,-7.71,-7.96,-8.29,-8.69,-9.15,-9.64,-10.2,-10.76,-11.09,-11.62,-12.14,-12.63,-13.05,-13.42,-13.73,-14.01,-14.22,-14.41,-14.55,-14.65,-14.74,-14.84,-14.92,-14.98,-15.06,-15.15,-15.26,-15.38,-15.54,-15.69,-15.88,-16.08,-16.32,-16.53,-16.75,-16.96,-17.19,-17.4,-17.62,-17.84,-18.04,-18.21,-18.38,-18.5,-18.56,-18.59,-18.52,-18.39,-18.15,-17.8,-17.33,-16.75,-16,-15.16,-14.18,-13.08,-11.9,-10.63,,,,,,,,,
thia-bn-thib_a,c1cc2ccc3cscc3c2s1,0.1,-8.02,-8.66,-9.26,-9.7,-10.08,-10.38,-10.59,-10.78,-10.92,-11.04,-11.16,-11.2,-11.23,-11.28,-11.35,-11.42,-11.51,-11.59,-11.66,-11.7,-11.72,-11.68,-11.61,-11.53,-11.43,-11.32,-11.23,-11.16,-11.1,-11.07,-11.06,-11.06,-11.06,-11.11,-11.19,-11.27,-11.37,-11.5,-11.68,-11.89,-12.17,-12.47,-12.79,-13.16,-13.64,-13.98,-14.32,-14.66,-14.95,-15.22,-15.46,-15.69,-15.89,-16.06,-16.2,-16.3,-16.36,-16.38,-16.33,-16.21,-16.03,-15.75,-15.38,-14.92,-14.33,-13.63,-12.84,-11.9,-10.9,-9.78,,,,,,,,,,,
dbrn-bn-bn_l,b1ccbc2cc3ccccc3cc12,0.1,-9.5,-10.64,-11.68,-12.67,-13.53,-14.27,-14.93,-15.44,-15.87,-16.21,-16.48,-16.66,-16.79,-16.87,-16.9,-16.9,-16.93,-16.91,-16.91,-16.91,-16.94,-17,-17.09,-17.23,-17.41,-17.62,-17.84,-18.09,-18.34,-18.59,-18.87,-19.11,-19.31,-19.54,-19.68,-19.86,-19.97,-20.06,-20.13,-20.15,-20.16,-20.12,-20.05,-19.97,-19.83,-19.67,-19.49,-19.29,-19.05,-18.8,-18.53,-18.24,-17.9,-17.62,-17.33,-17.1,-16.87,-16.69,-16.53,-16.43,-16.36,-16.32,-16.29,-16.25,-16.21,-16.12,-16.01,-15.86,-15.61,-15.29,-14.85,-14.29,-13.63,-12.83,-11.93,-10.91,,,,,
bn-dbrn-bn_l,b1c2ccccc2bc2ccccc12,0.1,-8.83,-9.84,-10.75,-11.6,-12.28,-12.87,-13.35,-13.76,-14.04,-14.24,-14.4,-14.49,-14.57,-14.64,-14.72,-14.77,-14.9,-15.06,-15.26,-15.52,-15.84,-16.22,-16.66,-17.13,-17.82,-18.35,-18.92,-19.43,-19.95,-20.45,-20.89,-21.29,-21.65,-21.95,-22.21,-22.41,-22.55,-22.62,-22.62,-22.55,-22.41,-22.21,-21.95,-21.65,-21.29,-20.89,-20.45,-19.95,-19.43,-18.92,-18.35,-17.82,-17.13,-16.66,-16.22,-15.84,-15.52,-15.26,-15.06,-14.9,-14.77,-14.72,-14.64,-14.57,-14.49,-14.4,-14.24,-14.04,-13.76,-13.35,-12.87,-12.28,-11.6,-10.75,-9.84,-8.83,,,,,
dbrn-bn-bn_a,b1ccbc2c1ccc1ccccc12,0.1,-10.64,-11.81,-12.94,-13.95,-14.83,-15.59,-16.22,-16.72,-17.13,-17.4,-17.63,-17.76,-17.81,-17.81,-17.78,-17.71,-17.61,-17.47,-17.33,-17.15,-16.96,-16.74,-16.52,-16.28,-16.01,-15.75,-15.45,-15.13,-14.88,-14.57,-14.25,-13.95,-13.68,-13.43,-13.23,-13.07,-12.94,-12.87,-12.79,-12.75,-12.68,-12.72,-12.76,-12.78,-12.84,-12.94,-13.05,-13.23,-13.44,-13.7,-13.99,-14.29,-14.73,-15.06,-15.35,-15.62,-15.88,-16.11,-16.32,-16.48,-16.64,-16.76,-16.87,-16.91,-16.93,-16.88,-16.81,-16.66,-16.42,-16.08,-15.64,-15.07,-14.42,-13.61,-12.68,-11.63,,,,,
dbrn-bn-dbrn_l,b1ccbc2cc3bccbc3cc12,0.1,-9.34,-10.45,-11.49,-12.44,-13.28,-14.04,-14.66,-15.17,-15.6,-15.92,-16.16,-16.34,-16.47,-16.54,-16.57,-16.57,-16.57,-16.57,-16.53,-16.52,-16.53,-16.56,-16.62,-16.7,-16.79,-16.94,-17.1,-17.28,-17.44,-17.62,-17.8,-17.96,-18.12,-18.25,-18.36,-18.49,-18.56,-18.63,-18.69,-18.71,-18.71,-18.69,-18.63,-18.56,-18.49,-18.36,-18.25,-18.12,-17.96,-17.8,-17.62,-17.44,-17.28,-17.1,-16.94,-16.79,-16.7,-16.62,-16.56,-16.53,-16.52,-16.53,-16.57,-16.57,-16.57,-16.57,-16.54,-16.47,-16.34,-16.16,-15.92,-15.6,-15.17,-14.66,-14.04,-13.28,-12.44,-11.49,-10.45,-9.34,
bn-dbrn-dbrn_l,b1ccbc2bc3ccccc3bc12,0.1,-9.28,-10.32,-11.27,-12.13,-12.87,-13.49,-14.01,-14.39,-14.7,-14.92,-15.08,-15.19,-15.24,-15.3,-15.35,-15.39,-15.47,-15.58,-15.71,-15.9,-16.14,-16.43,-16.76,-17.1,-17.52,-17.93,-18.31,-18.69,-19.04,-19.36,-19.67,-19.94,-20.15,-20.34,-20.47,-20.56,-20.6,-20.58,-20.53,-20.43,-20.28,-20.1,-19.9,-19.67,-19.4,-19.13,-18.84,-18.56,-18.29,-17.98,-17.7,-17.44,-17.22,-16.98,-16.78,-16.6,-16.45,-16.33,-16.26,-16.2,-16.17,-16.16,-16.16,-16.14,-16.14,-16.12,-16.06,-15.97,-15.83,-15.66,-15.43,-15.13,-14.75,-14.31,-13.76,-13.13,-12.39,-11.56,-10.65,-9.65,-8.6
dbrn-bn-dbrn_a,b1ccbc2c1ccc1bccbc12,0.1,-10.32,-11.48,-12.55,-13.52,-14.38,-15.11,-15.71,-16.23,-16.62,-16.9,-17.11,-17.23,-17.31,-17.32,-17.29,-17.24,-17.13,-16.99,-16.81,-16.61,-16.38,-16.14,-15.86,-15.54,-15.21,-14.85,-14.48,-14.06,-13.76,-13.34,-12.94,-12.57,-12.23,-11.94,-11.7,-11.5,-11.35,-11.25,-11.16,-11.12,-11.12,-11.16,-11.25,-11.35,-11.5,-11.7,-11.94,-12.23,-12.57,-12.94,-13.34,-13.76,-14.06,-14.48,-14.85,-15.21,-15.54,-15.86,-16.14,-16.38,-16.61,-16.81,-16.99,-17.13,-17.24,-17.29,-17.32,-17.31,-17.23,-17.11,-16.9,-16.62,-16.23,-15.71,-15.11,-14.38,-13.52,-12.55,-11.48,-10.32,
dhbn-bn-bn_l,B1C=CBc2cc3ccccc3cc21,0.1,-0.93,-0.52,0.02,0.63,1.31,2,2.7,3.38,4,4.52,4.97,5.31,5.5,5.57,5.42,5.13,4.7,4.1,3.37,2.48,1.46,0.35,-0.87,-2.16,-3.46,-4.76,-6.53,-7.64,-8.63,-9.47,-10.16,-10.69,-11.1,-11.37,-11.56,-11.67,-11.72,-11.72,-11.72,-11.73,-11.75,-11.81,-11.9,-12.06,-12.25,-12.51,-12.79,-13.12,-13.49,-13.82,-14.3,-14.62,-14.92,-15.17,-15.39,-15.58,-15.71,-15.84,-15.93,-16,-16.05,-16.07,-16.07,-16.01,-15.93,-15.77,-15.54,-15.24,-14.84,-14.34,-13.71,-12.97,-12.1,-11.14,,,,,,,
bn-dhbn-bn_l,B1c2ccccc2Bc2ccccc21,0.1,-8.73,-9.55,-10.28,-10.9,-11.44,-11.87,-12.21,-12.49,-12.68,-12.84,-12.94,-13.01,-13.06,-13.04,-13,-12.89,-12.73,-12.49,-12.15,-11.69,-11.09,-10.36,-9.46,-8.45,-7.02,-5.74,-4.41,-3.04,-1.68,-0.37,0.85,1.95,2.95,3.76,4.45,4.96,5.28,5.28,4.96,4.45,3.76,2.95,1.95,0.85,-0.37,-1.68,-3.04,-4.41,-5.74,-7.02,-8.45,-9.46,-10.36,-11.09,-11.69,-12.15,-12.49,-12.73,-12.89,-13,-13.04,-13.06,-13.01,-12.94,-12.84,-12.68,-12.49,-12.21,-11.87,-11.44,-10.9,-10.28,-9.55,-8.73,,,,,,,
dhbn-bn-bn_a,B1C=CBc2c1ccc1ccccc21,0.1,0.88,1.59,2.4,3.27,4.21,5.15,6.08,6.93,7.72,8.37,8.9,9.28,9.49,9.53,9.49,9.25,8.83,8.19,7.39,6.39,5.24,3.89,2.41,0.81,-0.87,-2.57,-4.27,-5.92,-6.83,-8.31,-9.61,-10.79,-11.76,-12.57,-13.19,-13.7,-14.06,-14.32,-14.47,-14.57,-14.6,-14.6,-14.61,-14.64,-14.7,-14.76,-14.84,-14.95,-15.08,-15.24,-15.39,-15.53,-15.72,-15.83,-15.95,-16.02,-16.1,-16.15,-16.2,-16.23,-16.26,-16.28,-16.28,-16.28,-16.22,-16.15,-16.04,-15.87,-15.62,-15.3,-14.87,-14.35,-13.71,-12.94,-12.05,-11.06,,,,,
dhbn-bn-dhbn_l,B1C=CBc2cc3c(cc21)BC=CB3,0.1,-0.81,-0.34,0.26,0.94,1.67,2.45,3.2,3.94,4.61,5.2,5.68,6.05,6.29,6.4,6.27,6.02,5.61,5.06,4.36,3.53,2.59,1.53,0.38,-0.78,-1.98,-3.15,-4.27,-4.81,-5.78,-6.64,-7.36,-7.94,-8.4,-8.75,-9.02,-9.18,-9.3,-9.36,-9.4,-9.42,-9.42,-9.4,-9.36,-9.3,-9.18,-9.02,-8.75,-8.4,-7.94,-7.36,-6.64,-5.78,-4.81,-4.27,-3.15,-1.98,-0.78,0.38,1.53,2.59,3.53,4.36,5.06,5.61,6.02,6.27,6.4,6.29,6.05,5.68,5.2,4.61,3.94,3.2,2.45,1.67,0.94,0.26,-0.34,-0.81,
bn-dhbn-dhbn_l,B1C=CBC2=C1Bc1ccccc1B2,0.1,-9.49,-10.19,-10.78,-11.28,-11.69,-12,-12.26,-12.45,-12.59,-12.7,-12.78,-12.85,-12.85,-12.84,-12.77,-12.66,-12.45,-12.17,-11.75,-11.21,-10.52,-9.68,-8.69,-7.32,-6.09,-4.75,-3.4,-2.03,-0.72,0.54,1.7,2.73,3.63,4.4,5.01,5.48,5.82,5.96,6.07,6.06,5.97,5.75,5.45,5.09,4.69,4.27,3.85,3.48,3.17,2.94,2.85,2.83,2.94,3.12,3.43,3.82,4.27,4.74,5.2,5.64,6.03,6.34,6.57,6.68,6.72,6.68,6.5,6.24,5.84,5.36,4.76,4.09,3.35,2.58,1.78,1.03,0.29,-0.36,-0.91,-1.34,
dhbn-bn-dhbn_a,B1C=CBc2c1ccc1c2BC=CB1,0.1,-7.87,-8.49,-9.01,-9.42,-9.76,-10.01,-10.22,-10.4,-10.54,-10.66,-10.73,-10.87,-11.07,-11.32,-11.59,-11.94,-12.34,-12.76,-13.23,-13.69,-13.92,-14.38,-14.8,-15.16,-15.51,-15.79,-16.05,-16.28,-16.46,-16.62,-16.72,-16.81,-16.84,-16.87,-16.9,-16.89,-16.89,-16.89,-16.93,-16.93,-16.89,-16.89,-16.89,-16.9,-16.87,-16.84,-16.81,-16.72,-16.62,-16.46,-16.28,-16.05,-15.79,-15.51,-15.16,-14.8,-14.38,-13.92,-13.69,-13.23,-12.76,-12.34,-11.94,-11.59,-11.32,-11.07,-10.87,-10.73,-10.66,-10.54,-10.4,-10.22,-10.01,-9.76,-9.42,-9.01,-8.49,-7.87,,,
pyla-pyla-pyla,c1cc2[nH]c3cc[nH]c3c2[nH]1,0.1,-9.77,-10.55,-11.21,-11.77,-12.24,-12.57,-12.85,-13.05,-13.2,-13.3,-13.32,-13.38,-13.43,-13.49,-13.53,-13.57,-13.6,-13.62,-13.6,-13.57,-13.54,-13.46,-13.46,-13.35,-13.35,-13.23,-13.13,-13.02,-12.92,-12.86,-12.82,-12.79,-12.78,-12.78,-12.79,-12.82,-12.86,-12.92,-13.02,-13.13,-13.23,-13.35,-13.35,-13.46,-13.46,-13.54,-13.57,-13.6,-13.62,-13.6,-13.57,-13.53,-13.49,-13.43,-13.38,-13.32,-13.3,-13.2,-13.05,-12.85,-12.57,-12.24,-11.77,-11.21,-10.55,-9.77,,,,,,,,,,,,,,,
pyd-bn-pyz_a,c1cc2ccc3nccnc3c2cn1,0.1,-10.12,-11.28,-12.36,-13.32,-14.17,-14.87,-15.48,-15.97,-16.34,-16.61,-16.8,-16.92,-16.99,-16.99,-17.03,-17.03,-17.02,-16.95,-16.88,-16.8,-16.7,-16.58,-16.44,-16.29,-16.12,-15.87,-15.66,-15.44,-15.23,-15.04,-14.86,-14.72,-14.6,-14.51,-14.45,-14.41,-14.38,-14.35,-14.37,-14.41,-14.43,-14.47,-14.51,-14.59,-14.68,-14.81,-14.95,-15.09,-15.26,-15.49,-15.62,-15.78,-15.89,-16.01,-16.08,-16.15,-16.22,-16.28,-16.31,-16.34,-16.31,-16.31,-16.24,-16.13,-15.94,-15.65,-15.28,-14.8,-14.2,-13.46,-12.6,-11.62,,,,,,,,,
pyla-bn-pyd_a,c1cc2c(ccc3cc[nH]c32)cn1,0.1,-9.87,-10.75,-11.52,-12.21,-12.76,-13.21,-13.55,-13.82,-14.01,-14.16,-14.16,-14.21,-14.21,-14.3,-14.39,-14.48,-14.59,-14.73,-14.87,-15.03,-15.22,-15.4,-15.51,-15.68,-15.82,-15.94,-16.06,-16.15,-16.23,-16.32,-16.38,-16.43,-16.49,-16.53,-16.54,-16.54,-16.54,-16.53,-16.49,-16.47,-16.45,-16.45,-16.46,-16.47,-16.5,-16.52,-16.56,-16.58,-16.6,-16.61,-16.59,-16.59,-16.58,-16.56,-16.55,-16.53,-16.53,-16.48,-16.4,-16.4,-16.32,-16.18,-15.99,-15.7,-15.34,-14.89,-14.34,-13.68,-12.93,-12.04,-11.06,-10,,,,,,,,,
fura-bn-thia_l,c1cc2cc3ccsc3cc2o1,0.1,-7.51,-8.05,-8.51,-8.88,-9.15,-9.38,-9.55,-9.7,-9.83,-9.97,-10.06,-10.24,-10.48,-10.79,-11.18,-11.63,-12.18,-12.78,-13.42,-14.06,-14.45,-15.1,-15.7,-16.28,-16.77,-17.19,-17.54,-17.83,-18.04,-18.21,-18.32,-18.39,-18.39,-18.36,-18.28,-18.15,-18,-17.78,-17.54,-17.2,-16.82,-16.39,-15.9,-15.38,-14.9,-14.33,-13.76,-13.22,-12.72,-12.29,-11.92,-11.62,-11.38,-11.22,-11.09,-11.04,-10.92,-10.79,-10.64,-10.45,-10.24,-9.97,-9.65,-9.24,-8.76,-8.17,-7.49
dbrn-thia-bn,b1ccbc2c1sc1ccccc12,0.1,-10.33,-11.38,-12.35,-13.2,-13.92,-14.54,-15.04,-15.42,-15.69,-15.9,-16.01,-16.07,-16.08,-16.03,-15.92,-15.77,-15.58,-15.33,-15.04,-14.67,-14.24,-13.76,-13.24,-12.67,-12.05,-11.67,-11.05,-10.45,-9.9,-9.42,-9.01,-8.69,-8.44,-8.29,-8.21,-8.19,-8.23,-8.31,-8.48,-8.72,-9.03,-9.44,-9.9,-10.45,-11.02,-11.61,-12.23,-12.61,-13.18,-13.71,-14.15,-14.57,-14.92,-15.22,-15.47,-15.67,-15.86,-16,-16.08,-16.17,-16.19,-16.19,-16.17,-16.08,-15.96,-15.78,-15.52,-15.19,-14.76,-14.22,-13.58,-12.82,-11.95,-10.99,-9.94
thia-dbrn-thia_l,b1c2ccsc2bc2sccc12,0.1,-7.1,-7.63,-8.1,-8.48,-8.77,-9.02,-9.21,-9.36,-9.51,-9.64,-9.74,-9.82,-9.95,-10.12,-10.33,-10.64,-11.01,-11.44,-11.96,-12.53,-13.15,-13.78,-14.15,-14.77,-15.39,-15.93,-16.44,-16.9,-17.29,-17.64,-17.91,-18.14,-18.34,-18.47,-18.56,-18.61,-18.61,-18.6,-18.52,-18.43,-18.27,-18.05,-17.81,-17.5,-17.15,-16.73,-16.25,-15.73,-15.14,-14.55,-14.14,-13.52,-12.88,-12.28,-11.74,-11.25,-10.83,-10.51,-10.24,-10.04,-9.89,-9.84,-9.72,-9.59,-9.45,-9.3,-9.13,-8.91,-8.65,-8.31,-7.9,-7.41,-6.82
bn-thia-pyd,c1ccc2c(c1)sc1cnccc12,0.1,-10.57,-11.67,-12.67,-13.56,-14.31,-14.94,-15.47,-15.84,-16.15,-16.35,-16.48,-16.53,-16.53,-16.48,-16.4,-16.26,-16.09,-15.86,-15.59,-15.25,-14.89,-14.46,-13.96,-13.43,-12.82,-12.24,-11.66,-11.1,-10.59,-10.14,-9.75,-9.46,-9.27,-9.11,-9.02,-9.08,-9.16,-9.31,-9.55,-9.85,-10.23,-10.67,-11.17,-11.69,-12.23,-12.56,-13.07,-13.57,-13.99,-14.39,-14.72,-15.01,-15.22,-15.42,-15.55,-15.65,-15.73,-15.73,-15.73,-15.65,-15.53,-15.32,-15.04,-14.62,-14.13,-13.51,-12.72,-11.85,-10.88,-9.81,,,,,,,,,,,
pyd-bn-pyz_a,c1cc2c(ccc3cnccc32)cn1,0.1,-10.12,-11.28,-12.36,-13.32,-14.17,-14.87,-15.48,-15.97,-16.34,-16.61,-16.8,-16.92,-16.99,-16.99,-17.03,-17.03,-17.02,-16.95,-16.88,-16.8,-16.7,-16.58,-16.44,-16.29,-16.12,-15.87,-15.66,-15.44,-15.23,-15.04,-14.86,-14.72,-14.6,-14.51,-14.45,-14.41,-14.38,-14.35,-14.37,-14.41,-14.43,-14.47,-14.51,-14.59,-14.68,-14.81,-14.95,-15.09,-15.26,-15.49,-15.62,-15.78,-15.89,-16.01,-16.08,-16.15,-16.22,-16.28,-16.31,-16.34,-16.31,-16.31,-16.24,-16.13,-15.94,-15.65,-15.28,-14.8,-14.2,-13.46,-12.6,-11.62,,,,,,,,,
fura-bn-pyd_l,c1cnc2cc3ccoc3cc2c1,0.1,-7.16,-7.68,-8.12,-8.44,-8.71,-8.92,-9.09,-9.23,-9.35,-9.49,-9.57,-9.77,-10.03,-10.36,-10.79,-11.3,-11.9,-12.58,-13.31,-14.09,-14.53,-15.3,-16.05,-16.75,-17.38,-17.92,-18.38,-18.76,-19.1,-19.33,-19.5,-19.6,-19.65,-19.68,-19.68,-19.62,-19.54,-19.44,-19.33,-19.18,-19.02,-18.85,-18.66,-18.44,-18.22,-18.01,-17.8,-17.57,-17.39,-17.22,-17.08,-16.97,-16.91,-16.84,-16.8,-16.75,-16.7,-16.61,-16.48,-16.3,-16.05,-15.7,-15.23,-14.65,-13.93,-13.1,-12.13,-11.06,-9.9
fura-bn-dbrn_l,b1ccbc2cc3occc3cc12,0.1,-6.98,-7.46,-7.86,-8.17,-8.41,-8.6,-8.73,-8.85,-8.97,-9.09,-9.14,-9.33,-9.58,-9.87,-10.24,-10.72,-11.27,-11.88,-12.55,-13.24,-13.62,-14.31,-14.97,-15.57,-16.12,-16.6,-17,-17.33,-17.59,-17.79,-17.96,-18.06,-18.11,-18.15,-18.17,-18.16,-18.15,-18.11,-18.07,-18.03,-17.98,-17.92,-17.87,-17.79,-17.71,-17.64,-17.55,-17.49,-17.42,-17.37,-17.35,-17.36,-17.37,-17.4,-17.44,-17.48,-17.51,-17.53,-17.55,-17.53,-17.46,-17.32,-17.14,-16.86,-16.5,-16.06,-15.47,-14.79,-13.98,-13.05,-12.02,-10.89,-9.71,,,,,,,,
pyla-bn-thia_a,c1cc2ccc3ccsc3c2[nH]1,0.1,-9.51,-10.33,-11.03,-11.64,-12.15,-12.54,-12.85,-13.11,-13.28,-13.44,-13.51,-13.63,-13.76,-13.9,-14.06,-14.28,-14.51,-14.77,-15.04,-15.33,-15.51,-15.81,-16.06,-16.29,-16.51,-16.68,-16.86,-16.98,-17.11,-17.22,-17.28,-17.32,-17.35,-17.31,-17.23,-17.11,-16.96,-16.79,-16.58,-16.35,-16.07,-15.74,-15.38,-14.98,-14.46,-13.98,-13.53,-13.07,-12.63,-12.25,-11.91,-11.63,-11.4,-11.22,-11.11,-11.05,-10.92,-10.77,-10.59,-10.4,-10.19,-9.93,-9.59,-9.18,-8.71,-8.1,-7.42,,,,,,,,,,,,,,
thia-pyd-bn_a,c1ccc2c(c1)ncc1sccc12,0.1,-8.35,-9.11,-9.77,-10.32,-10.79,-11.17,-11.46,-11.69,-11.89,-12.05,-12.22,-12.28,-12.35,-12.43,-12.57,-12.71,-12.9,-13.13,-13.4,-13.64,-14.02,-14.26,-14.48,-14.67,-14.81,-14.95,-15.07,-15.17,-15.26,-15.33,-15.35,-15.39,-15.39,-15.42,-15.45,-15.48,-15.51,-15.57,-15.65,-15.77,-15.91,-16.06,-16.23,-16.42,-16.58,-16.75,-16.92,-17.07,-17.23,-17.35,-17.47,-17.55,-17.65,-17.71,-17.77,-17.81,-17.81,-17.75,-17.64,-17.47,-17.2,-16.85,-16.38,-15.78,-15.07,-14.18,-13.17,-12.08,,,,,,,,,,,,,
fura-bn-thia_a,c1cc2ccc3ccsc3c2o1,0.1,-4.87,-5.17,-5.39,-5.53,-5.6,-5.62,-5.61,-5.6,-5.59,-5.62,-5.66,-5.82,-6.06,-6.41,-6.86,-7.39,-8.03,-8.73,-9.47,-10.25,-10.68,-11.45,-12.2,-12.92,-13.54,-14.14,-14.65,-15.13,-15.53,-15.87,-16.15,-16.36,-16.5,-16.55,-16.56,-16.52,-16.45,-16.37,-16.24,-16.09,-15.89,-15.67,-15.4,-15.11,-14.71,-14.33,-13.98,-13.62,-13.28,-12.99,-12.71,-12.5,-12.32,-12.23,-12.14,-12.11,-11.95,-11.81,-11.62,-11.42,-11.17,-10.87,-10.52,-10.05,-9.51,,,,,,,,,,,,,,,,
pyla-bn-fura_a,c1cc2ccc3ccoc3c2[nH]1,0.1,-9.63,-10.46,-11.17,-11.79,-12.3,-12.71,-13.06,-13.3,-13.49,-13.64,-13.74,-13.85,-13.99,-14.13,-14.3,-14.51,-14.75,-15.02,-15.31,-15.6,-15.78,-16.07,-16.32,-16.56,-16.79,-16.97,-17.13,-17.27,-17.39,-17.49,-17.55,-17.61,-17.62,-17.58,-17.5,-17.37,-17.2,-17,-16.73,-16.44,-16.09,-15.68,-15.23,-14.73,-14.16,-13.58,-13.04,-12.49,-11.98,-11.52,-11.14,-10.82,-10.55,-10.35,-10.23,-10.12,-9.97,-9.82,-9.64,-9.45,-9.19,-8.86,-8.44,-7.96,-7.35,,,,,,,,,,,,,,,,